"fk","tabela_origem","coluna_origem","tabela_destino","coluna_destino"
"FK_AltValorTabela_fornecedor","AltValorTabela","For_codigo","fornecedor","For_codigo"
"FK_AutorizaInclusao_CategoriaVenda","AutorizaInclusao","CatVen_Codigo","CategoriaVenda","CatVen_Codigo"
"FK_AutorizaInclusao_Clientes","AutorizaInclusao","cli_codigo","Clientes","Cli_Codigo"
"FK_AutorizaInclusao_Obras","AutorizaInclusao","Obr_Codigo","Obras","Obr_Codigo"
"FK_AutorizaInclusao_Servicos_AutorizaInclusao","AutorizaInclusao_Servicos","Ain_codigo","AutorizaInclusao","Ain_codigo"
"FK_AutorizoInclusao_Luminaria_AutorizaInclusao","AutorizoInclusao_Luminaria","Ain_codigo","AutorizaInclusao","Ain_codigo"
"FK_AutorizoInclusao_Materiais_AutorizaInclusao","AutorizoInclusao_Materiais","Ain_codigo","AutorizaInclusao","Ain_codigo"
"FK_Avulso_CategoriaVenda","Avulso","CatVen_Codigo","CategoriaVenda","CatVen_Codigo"
"FK_Avulso_Obras","Avulso","Obr_Codigo","Obras","Obr_Codigo"
"FK_BalancoEstoqueProdutos_BalancoEstoque","BalancoEstoqueProdutos","BalEst_Codigo","BalancoEstoque","BalEst_Codigo"
"FK_Bancos_Caixas_Bancos","Bancos_Caixas","Ban_codigo","Bancos","Ban_Codigo"
"FK_Bancos_Caixas_municipio","Bancos_Caixas","mun_codigo","Municipio","mun_codigo"
"FK_Cartoes_CartoesBandeiras","Cartoes","CartBan_Codigo","CartoesBandeiras","CartBan_Codigo"
"FK_clientes_municipio","Clientes","Cli_codcidade","Municipio","mun_codigo"
"FK_clientes_municipioCobranca","Clientes","Cli_codcidade_cob","Municipio","mun_codigo"
"FK_ComissaoPremiacao_CategoriaRemuneracao","ComissaoPremiacao","CatRem_Codigo","CategoriaRemuneracao","CatRem_Codigo"
"FK_ComissaoPremiacao_GrupoProduto","ComissaoPremiacao","GrupoProduto_Codigo","GrupoProduto","GrupoProduto_Codigo"
"FK_ComissaoPremiacao_MetaVenda","ComissaoPremiacao","MetaVenda_Codigo","MetaVenda","MetaVenda_Codigo"
"FK_ComissaoPremiacaoCond_ComissaoPremiacao","ComissaoPremiacaoCond","ComPre_codigo","ComissaoPremiacao","ComPre_codigo"
"FK_ComissaoPremiacaoCond_MetaVenda","ComissaoPremiacaoCond","MetaVenda_Codigo","MetaVenda","MetaVenda_Codigo"
"FK_ComissaoPremiacaoCond_Rateio","ComissaoPremiacaoCond","Rateio_Codigo","Rateio","Rateio_Codigo"
"FK_ComissaoPremiacaoGrup_ComissaoPremiacao","ComissaoPremiacaoGrup","ComPre_codigo","ComissaoPremiacao","ComPre_codigo"
"FK_ComissaoPremiacaoGrup_GrupoProduto","ComissaoPremiacaoGrup","GrupoProduto_Codigo","GrupoProduto","GrupoProduto_Codigo"
"FK_ComissaoPremiacaoTpVenda_CategoriaVenda","ComissaoPremiacaoTpVenda","CatVen_Codigo","CategoriaVenda","CatVen_Codigo"
"FK_ComissaoPremiacaoTpVenda_ComissaoPremiacao","ComissaoPremiacaoTpVenda","ComPre_codigo","ComissaoPremiacao","ComPre_codigo"
"FK_ComissaoPremiacao_VlGruPro","ComissaoPremiacaoVlGruPro","ComPre_codigo","ComissaoPremiacao","ComPre_codigo"
"FK_VlGruPro_GrupoProduto","ComissaoPremiacaoVlGruPro","GrupoProduto_Codigo","GrupoProduto","GrupoProduto_Codigo"
"FK_ComissaoPremiacaoVlVCatRem_CategoriaRemuneracao","ComissaoPremiacaoVlVCatRem","CatRem_Codigo","CategoriaRemuneracao","CatRem_Codigo"
"FK_ComissaoPremiacaoVlVCatRem_ComissaoPremiacao","ComissaoPremiacaoVlVCatRem","ComPre_codigo","ComissaoPremiacao","ComPre_codigo"
"FK_ComissaoPremiacaoVlVenda_ComissaoPremiacao","ComissaoPremiacaoVlVenda","ComPre_codigo","ComissaoPremiacao","ComPre_codigo"
"FK_contabilista_Municipio","contabilista","mun_codigo","Municipio","mun_codigo"
"FK_contas_apagar_Centro_de_custo","contas_apagar","Cdc_codigo","Centro_de_custo","Cdc_codigo"
"FK_contas_apagar_Plano_Contas","contas_apagar","Pco_codigo","Plano_Contas","Pco_codigo"
"FK_contas_apagar_TipoContaFinanceira","contas_apagar","Tcf_codigo","TipoContaFinanceira","Tcf_codigo"
"FK__Contas_Bancarias__24B26D99","Contas_Bancarias","Bcx_codigo","Bancos_Caixas","Bcx_codigo"
"FK__Contas_Bancarias__24B26D99","Contas_Bancarias","Emp_codigo","Bancos_Caixas","Emp_codigo"
"FK__Contas_Bancarias__2E3BD7D3","Contas_Bancarias","Emp_codigo","Bancos_Caixas","Emp_codigo"
"FK__Contas_Bancarias__2E3BD7D3","Contas_Bancarias","Bcx_codigo","Bancos_Caixas","Bcx_codigo"
"FK__Contas_Bancarias__33008CF0","Contas_Bancarias","Bcx_codigo","Bancos_Caixas","Bcx_codigo"
"FK__Contas_Bancarias__33008CF0","Contas_Bancarias","Emp_codigo","Bancos_Caixas","Emp_codigo"
"FK__Contas_Bancarias__39AD8A7F","Contas_Bancarias","Emp_codigo","Bancos_Caixas","Emp_codigo"
"FK__Contas_Bancarias__39AD8A7F","Contas_Bancarias","Bcx_codigo","Bancos_Caixas","Bcx_codigo"
"FK_Contas_BancariasCobranca_Contas_BancariasCobranca","Contas_BancariasCobranca","CbaCob_codigo","Contas_BancariasCobranca","CbaCob_codigo"
"FK_contas_receber_Centro_de_custo","contas_receber","Cdc_codigo","Centro_de_custo","Cdc_codigo"
"FK_contas_receber_Plano_Contas","contas_receber","Pco_codigo","Plano_Contas","Pco_codigo"
"FK_contas_receber_TipoContaFinanceira","contas_receber","Tcf_codigo","TipoContaFinanceira","Tcf_codigo"
"FK_ContatosPrincipais_TiposContatos","ContatosPrincipais","TpCont_codigo","TiposContatos","TpCont_codigo"
"FK_controle_entrega_data_motivo","controle_entrega_data","Mod_codigo","Motivo_devolucao","Mod_codigo"
"FK_ControleChequeDet_Controlecheque","ControleChequeDet","ControlCheque_Codigo","ControleCheque","ControlCheque_codigo"
"FK_ControleChequeDev_ControlechequeDet","ControleChequeDev","ControlChequeDet_Codigo","ControleChequeDet","ControlChequeDet_Codigo"
"FK_Centrodecusto","ControleRH","Cdc_codigo","Centro_de_custo","Cdc_codigo"
"FK_ComissaoPremiacao","ControleRH","ComPre_codigo","ComissaoPremiacao","ComPre_codigo"
"FK_FechamentoComissao","ControleRH","FechComis_Codigo","FechamentoComissao","FechComis_Codigo"
"FK_PlanodeContas","ControleRH","Pco_codigo","Plano_Contas","Pco_codigo"
"FK_Rateio","ControleRH","Rateio_Codigo","Rateio","Rateio_Codigo"
"FK_TipodeDocumento","ControleRH","Tpd_codigo","Tipo_documento","Tpd_codigo"
"FK_TipodeDocumentoOrigem","ControleRH","CtrlRH_TpDocOri","Tipo_documento","Tpd_codigo"
"FK_CreditoIndicacao_Indicacoes","CreditoIndicacao","Ind_Codigo","Indicacoes","Ind_codigo"
"FK_CreditoIndicacao_Tipo_documento","CreditoIndicacao","Tpd_codigo","Tipo_documento","Tpd_codigo"
"FK_DadosBancarios_Bancos","DadosBancarios","Ban_Codigo","Bancos","Ban_Codigo"
"FK_EmpresaFactoring_Municipio","EmpresaFactoring","Mun_codigo","Municipio","mun_codigo"
"FK_EmpresaFactoringAliqDesc_EmpresaFactoring","EmpresaFactoringAliqDesc","EmpFact_Codigo","EmpresaFactoring","EmpFact_Codigo"
"FK_Enderecos_comuns_Municipio","Enderecos_comuns","Mun_codigo","Municipio","mun_codigo"
"FK_EstoqueExterno_EstoqueTipo","EstoqueExterno","EstTp_Codigo","EstoqueTipo","EstTp_Codigo"
"FK_CategoriaVenda","Factura","CatVen_Codigo","CategoriaVenda","CatVen_Codigo"
"FK_TipoExpedicao","Factura","TpExp_Codigo","TipoExpedicao","TpExp_Codigo"
"FK_Transportadora","Factura","Tra_codigo","Transportadora","Tra_codigo"
"FK_FacturaImport_Factura","FacturaImport","Fact_Tipo","Factura","Fact_Tipo"
"FK_FacturaImport_Factura","FacturaImport","Fact_Codigo","Factura","Fact_Codigo"
"FK_FacturaIVA_Factura","FacturaIVA","Fact_Tipo","Factura","Fact_Tipo"
"FK_FacturaIVA_Factura","FacturaIVA","Fact_Codigo","Factura","Fact_Codigo"
"FK_FacturaProduto_Factura","FacturaProduto","Fact_Tipo","Factura","Fact_Tipo"
"FK_FacturaProduto_Factura","FacturaProduto","Fact_Codigo","Factura","Fact_Codigo"
"FK_FechamentoComissaoConta_FechamentoComissao","FechamentoComissaoConta","FechComis_Codigo","FechamentoComissao","FechComis_Codigo"
"FK_FechamentoMetaEmp_FechamentoMeta","FechamentoMetaEmp","FechMeta_Codigo","FechamentoMeta","FechMeta_Codigo"
"FK_FechamentoMetaEmp_MetaVenda","FechamentoMetaEmp","MetaVenda_Codigo","MetaVenda","MetaVenda_Codigo"
"FK_FechamentoMetaFunc_CatRemuneracao","FechamentoMetaFunc","CatRem_Codigo","CategoriaRemuneracao","CatRem_Codigo"
"FK_FechamentoMetaFunc_FechamentoMeta","FechamentoMetaFunc","FechMeta_Codigo","FechamentoMeta","FechMeta_Codigo"
"FK_FechamentoMetaFunc_MetaVenda","FechamentoMetaFunc","MetaVenda_Codigo","MetaVenda","MetaVenda_Codigo"
"FK_filiais_municipio","Filiais","mun_codigo","Municipio","mun_codigo"
"FK_ForaDoBalanco_BalancoEstoque","ForaDoBalanco","BalEst_Codigo","BalancoEstoque","BalEst_Codigo"
"FK_ForaDoBalanco_fornecedor","ForaDoBalanco","For_codigo","fornecedor","For_codigo"
"FK_ForaDoBalancoProduto_Acabamento","ForaDoBalancoProduto","CodAcabamento","Acabamento","CodAcabamento"
"FK_ForaDoBalancoProduto_ForaDoBalanco","ForaDoBalancoProduto","ForBal_codigo","ForaDoBalanco","ForBal_codigo"
"FK_fornecedor_municipio","fornecedor","For_codcidade","Municipio","mun_codigo"
"FK_FornecedorGrupProd_For","FornecedorGrupProd","for_codigo","fornecedor","For_codigo"
"FK_FornecedorGrupProd_grup","FornecedorGrupProd","GrupoProduto_Codigo","GrupoProduto","GrupoProduto_Codigo"
"FK_FornecedorRTGrupProd_For","FornecedorGrupProd","for_codigo","fornecedor","For_codigo"
"FK_FornecedorRTGrupProd_grup","FornecedorGrupProd","GrupoProduto_Codigo","GrupoProduto","GrupoProduto_Codigo"
"FK_CentroCusto","Funcionario","Cdc_codigo","Centro_de_custo","Cdc_codigo"
"FK_funcionario_cargo","Funcionario","Cargo_codigo","Cargo","Cargo_codigo"
"FK_funcionario_codigocidade","Funcionario","Fun_codcidade","Municipio","mun_codigo"
"FK_funcionario_estado_CarteiraTrabalho","Funcionario","Fun_CartTrabUF","Estado","UF"
"FK_funcionario_estado_TituloEleitor","Funcionario","Fun_TitEleitorUF","Estado","UF"
"FK_funcionario_GrauInstrucao","Funcionario","GrauInst_Codigo","GrauInstrucao","GrauInst_Codigo"
"FK_funcionario_Nacionalidade","Funcionario","Nac_codigo","Nacionalidade","Nac_codigo"
"FK_funcionario_naturalidade","Funcionario","Fun_naturalidade","Municipio","mun_codigo"
"FK_funcionario_RacaCor","Funcionario","RacaCor_Codigo","RacaCor","RacaCor_Codigo"
"FK_funcionario_setor","Funcionario","Setor_Codigo","Setor","Setor_codigo"
"FK_GrupoComissao","Funcionario","Fun_GrupoComissao","CategoriaRemuneracao","CatRem_Codigo"
"FK_GrupoPremiacao","Funcionario","Fun_GrupoPremiacao","CategoriaRemuneracao","CatRem_Codigo"
"FK_HistoricoVersao_HistoricoVersaoSistema","HistoricoVersoes","HistVerSis_Codigo","HistoricoVersoesSistema","HistVerSis_Codigo"
"FK_HistoricoVersaoLancamento_HistoricoVersao","HistoricoVersoesLancamento","HistVer_Codigo","HistoricoVersoes","HistVer_Codigo"
"FK_HistoricoVersaoLancamento_HistoricoVersoesCategoria","HistoricoVersoesLancamento","HistVerCat_Codigo","HistoricoVersoesCategoria","HistVerCat_Codigo"
"FK_HorariosDatasDetalhe_Horarios","HorariosDatasDetalhe","Hora_codigo","Horarios","Hora_codigo"
"FK_HorariosDatasDetalhe_HorariosDatas","HorariosDatasDetalhe","HoraData_codigo","HorariosDatas","HoraData_codigo"
"FK_IndicacaoGrupProdGrupoProduto","IndicacaoGrupProd","GrupoProduto_Codigo","GrupoProduto","GrupoProduto_Codigo"
"FK_Indicacoes_Detalhe_Bancos","Indicacoes_Detalhe","Ban_Codigo","Bancos","Ban_Codigo"
"FK_Indicacoes_Detalhe_Indicacoes","Indicacoes_Detalhe","Ind_codigo","Indicacoes","Ind_codigo"
"FK_Indicacoes_Detalhe_Municipio","Indicacoes_Detalhe","IndDet_CodCidade","Municipio","mun_codigo"
"FK_Indicacoes_Detalhe_Municipio1","Indicacoes_Detalhe","IndDet_banco_CodCidade","Municipio","mun_codigo"
"FK_Indicacoes_Detalhe_OrgaoRegistro","Indicacoes_Detalhe","OrgReg_Codigo","OrgaoRegistro","OrgReg_Codigo"
"FK_Indicacoes_Funcionario_Indicacoes","Indicacoes_Funcionario","Ind_codigo","Indicacoes","Ind_codigo"
"FK_Mensagem_Relatorio_Tipo_Relatorio","Mensagem_Relatorio","TpRel_codigo","Tipo_Relatorio","TpRel_codigo"
"FK_MetaVenda_MetaVendaDet","MetaVendaDet","MetaVenda_Codigo","MetaVenda","MetaVenda_Codigo"
"FK_MetaVendaDet_CategoriaRemuneracao","MetaVendaDet","CatRem_Codigo","CategoriaRemuneracao","CatRem_Codigo"
"FK_MetaVendaGrupProd_GrupoProduto","MetaVendaGrupProd","GrupoProduto_Codigo","GrupoProduto","GrupoProduto_Codigo"
"FK_MetaVendaTpVenda_CategoriaVenda","MetaVendaTpVenda","CatVen_Codigo","CategoriaVenda","CatVen_Codigo"
"FK_MetaVendaTpVenda_MetaVenda","MetaVendaTpVenda","MetaVenda_Codigo","MetaVenda","MetaVenda_Codigo"
"FK_Motivo_devolucao_tipo_Motivo_devolucao","Motivo_devolucao_tipo","Mod_codigo","Motivo_devolucao","Mod_codigo"
"FK_Motivo_devolucao_tipo_TipoMotivo","Motivo_devolucao_tipo","TpMot_codigo","TipoMotivo","TpMot_codigo"
"FK__Movimento__Cdc_c__21D600EE","Movimentos","Cdc_codigo","Centro_de_custo","Cdc_codigo"
"FK__Movimento__Cdc_c__2B5F6B28","Movimentos","Cdc_codigo","Centro_de_custo","Cdc_codigo"
"FK__Movimento__Cdc_c__30242045","Movimentos","Cdc_codigo","Centro_de_custo","Cdc_codigo"
"FK__Movimento__Cdc_c__36D11DD4","Movimentos","Cdc_codigo","Centro_de_custo","Cdc_codigo"
"FK__Movimento__Pco_c__35DCF99B","Movimentos","Pco_codigo","Plano_Contas","Pco_codigo"
"FK__Movimento__Tpd_c__22CA2527","Movimentos","Tpd_codigo","Tipo_documento","Tpd_codigo"
"FK__Movimento__Tpd_c__2C538F61","Movimentos","Tpd_codigo","Tipo_documento","Tpd_codigo"
"FK__Movimento__Tpd_c__3118447E","Movimentos","Tpd_codigo","Tipo_documento","Tpd_codigo"
"FK__Movimento__Tpd_c__37C5420D","Movimentos","Tpd_codigo","Tipo_documento","Tpd_codigo"
"FK_municipio_estado","Municipio","mun_uf","Estado","UF"
"FK_Municipio_paises","Municipio","Paises_codigo","Paises","Paises_Codigo"
"FK_Municipio_Regiao","Municipio","Regiao_Codigo","Regiao","Regiao_Codigo"
"FK_NFSe_Municipio","NFSe","Mun_codigo","Municipio","mun_codigo"
"FK_NFSeItens_NFSe","NFSeItens","NFSe_codigo","NFSe","NFSe_codigo"
"FK_Nota_entrada_motivo","Nota_entrada","Mod_codigo","Motivo_devolucao","Mod_codigo"
"FK_Nota_entrada_motivo_fin","Nota_entrada","nen_Mod_codigo_fin","Motivo_devolucao","Mod_codigo"
"FK_Nota_Entrada_Dif_Nota_entrada","Nota_Entrada_Dif","Nen_codigo","Nota_entrada","Nen_codigo"
"FK_NotaFiscalCategoriaVenda","NotaFiscal","CatVen_Codigo","CategoriaVenda","CatVen_Codigo"
"FK_NotaFiscalCFOP","NotaFiscal","CFOP_codigo","CFOP","CFOP_codigo"
"FK_NotaFiscalClientes","NotaFiscal","Cli_Codigo","Clientes","Cli_Codigo"
"FK_NotaFiscalModo","NotaFiscal","Mod_codigo","Motivo_devolucao","Mod_codigo"
"FK_NotaFiscalTransportadora","NotaFiscal","Tra_codigo","Transportadora","Tra_codigo"
"FK_NotaFiscalCCe_NotaFiscal","NotaFiscalCCe","NTF_Codigo","NotaFiscal","NTF_Codigo"
"FK_NotaFiscalComplementar_NotaFiscal","NotaFiscalComplementar","NTF_Codigo","NotaFiscal","NTF_Codigo"
"FK_NotaFiscalContas_Modo","NotaFiscalContas","Mdo_codigo","Modo","Mdo_codigo"
"FK_NotaFiscalContas_NotaFiscal","NotaFiscalContas","NTF_Codigo","NotaFiscal","NTF_Codigo"
"FK_NotaFiscalImportaDoc_NotaFiscal","NotaFiscalImportaDoc","NTF_Codigo","NotaFiscal","NTF_Codigo"
"FK_NotaFiscalProdutos_CFOP","NotaFiscalProdutos","CFOP_codigo","CFOP","CFOP_codigo"
"FK_NotaFiscalProdutosNotaFiscal","NotaFiscalProdutos","NTF_Codigo","NotaFiscal","NTF_Codigo"
"FK_obras_municipio","Obras","mun_codigo","Municipio","mun_codigo"
"FK_orcamento_CategoriaVenda","orcamento","CatVen_Codigo","CategoriaVenda","CatVen_Codigo"
"FK_orcamento_Obras","orcamento","Obr_Codigo","Obras","Obr_Codigo"
"FK_ordem_compra_Pag_Modo","ordem_compra_Pag","Mdo_codigo","Modo","Mdo_codigo"
"FK_OrdemCompraDetExt_OrdemCompraExt","OrdemCompraDetExt","Ocpex_codigo","OrdemCompraExt","Ocpex_codigo"
"FK_OrdemCompraDetExt_OrdemCompraExt","OrdemCompraDetExt","Ocpex_cnpj","OrdemCompraExt","Ocpex_cnpj"
"FK_OrdemServico_Venda","OrdemServico","Ven_CodigoPre","Venda","Ven_CodigoPre"
"FK_OrdemServicoAmbiente_Ambiente","OrdemServicoAmbiente","CodAmbiente","Ambiente","CodAmbiente"
"FK_OrdemServicoAmbiente_OrdemServico","OrdemServicoAmbiente","OrdServ_Codigo","OrdemServico","OrdServ_Codigo"
"FK_OrdemServicoItem_OrdemServicoSituacao","OrdemServicoItem","OrdServSit_codigo","OrdemServicoSituacao","OrdServSit_codigo"
"FK_OrdemServicoProduto_OrdemServicoItem","OrdemServicoProduto","OrdServItem_codigo","OrdemServicoItem","OrdServItem_codigo"
"FK_Paramentros_Moeda","Paramentros","Moeda_codigo","Moeda","Moeda_codigo"
"FK_Paramentros_SysPaises","Paramentros","SysPaises_codigo","SysPaises","SysPaises_codigo"
"FK_ParametrosRTCategoriaVenda_ParametrosRTCategoriaVenda","ParametrosRTCategoriaVenda","CatVen_Codigo","CategoriaVenda","CatVen_Codigo"
"FK_ParametrosRTIndicacao_Indicacoes","ParametrosRTIndicacao","Ind_codigo","Indicacoes","Ind_codigo"
"FK_pedido_CategoriaVenda","pedido","CatVen_Codigo","CategoriaVenda","CatVen_Codigo"
"FK_pedido_Obras","pedido","Obr_Codigo","Obras","Obr_Codigo"
"FK_Pos_venda_det_pos_venda","Pos_venda_det","Pve_codigo","pos_venda","Pve_codigo"
"FK_produtos_TipoOrigemProduto","produtos","TpOriPro_codigo","TipoOrigemProduto","TpOriPro_codigo"
"FK_produtos_TipoTributadaICMS","produtos","TpTrib_codigo","TipoTributadaICMS","TpTrib_codigo"
"FK_ProdutosFornecedores_fornecedor","ProdutosFornecedores","For_codigo","fornecedor","For_codigo"
"FK_ProdutosPromPrioritarioDet_ProdutosPromPrioritario","ProdutosPromPrioritarioDet","ProdProPrio_codigo","ProdutosPromPrioritario","ProdProPrio_codigo"
"FK_ProdutosRelacionadosCadProdutos_ProdutosRelacionados","ProdutosRelacionadosCadProdutos","ProdRel_codigo","ProdutosRelacionados","ProdRel_codigo"
"FK_ProdutosRelacionadosCadProdutosAcab_ProdutosRelacionados","ProdutosRelacionadosCadProdutosAcab","ProdRel_codigo","ProdutosRelacionados","ProdRel_codigo"
"FK_ProdutosServiços_produtos","ProdutosServiços","Pro_codnosso","produtos","Pro_codnosso"
"FK_ProdutosServiços_Servicos","ProdutosServiços","sev_cod","Servicos","sev_cod"
"FK_PromocaoEstoque_Promocao","PromocaoEstoque","Prom_Codigo","Promocao","Prom_Codigo"
"FK_PromocaoProdutos_Promocao","PromocaoProdutos","Prom_Codigo","Promocao","Prom_Codigo"
"FK_QuadroCargas_QuadroCargasProjeto","QuadroCargasProjeto","QCargas_Codigo","QuadroCargas","QCargas_Codigo"
"FK_RateioDet_CategoriaRemuneracao","RateioDet","CatRem_Codigo","CategoriaRemuneracao","CatRem_Codigo"
"FK_RateioDet_Rateio","RateioDet","Rateio_Codigo","Rateio","Rateio_Codigo"
"FK_RequisicaoEstoqProd_RequisicaoEstoq","RequisicaoEstoqProd","ReqEst_Codigo","RequisicaoEstoq","ReqEst_Codigo"
"FK_Reserva_tecnica_GrupoProd_grupo","Reserva_tecnica_GrupoProd","GrupoProduto_Codigo","GrupoProduto","GrupoProduto_Codigo"
"FK_Reserva_tecnica_GrupoProd_Reserva","Reserva_tecnica_GrupoProd","Ret_codigo","Reserva_tecnica","Ret_codigo"
"FK_SisPermissaoEspecial_SisOpcoesEspecial","SisPermissaoEspecial","SisOpEsp_Codigo","SisOpcoesEspecial","SisOpEsp_Codigo"
"FK_SisUsuariosEmpresa_SisUsuarios","SisUsuariosEmpresa","ID","SisUsuarios","Id"
"FK_TipoPeca_GrupoProduto","TipoPeca","GrupoProduto_codigo","GrupoProduto","GrupoProduto_Codigo"
"FK_Transferencia_filiais_Filiais","Transferencia_filiais","Fil_codigo","Filiais","Fil_codigo"
"FK_Transferencia_filiais_produtos_Transferencia_filiais","Transferencia_filiais_produtos","Tfi_codigo","Transferencia_filiais","Tfi_codigo"
"FK_TransferenciaEstoque_Motivo_devolucao","TransferenciaEstoque","Mod_codigo","Motivo_devolucao","Mod_codigo"
"FK_TransfIndicacaoDet_TransfIndicacao","TransfIndicacaoDet","TransfInd_codigo","TransfIndicacao","TransfInd_codigo"
"FK_Transportadora_municipio","Transportadora","Tra_codcidade","Municipio","mun_codigo"
"FK_Tributacao_SysPaises","Tributacao","SysPaises_codigo","SysPaises","SysPaises_codigo"
"FK_Venda_CategoriaVenda","Venda","CatVen_Codigo","CategoriaVenda","CatVen_Codigo"
"FK_Venda_Obras","Venda","Obr_codigo","Obras","Obr_Codigo"
"FK_Venda_ParamentrosSerieVenda","Venda","ParSV_serie","ParamentrosSerieVenda","ParSV_serie"
"FK_Venda_Pasta","Venda","Pasta_codigo","Pasta","Pasta_codigo"
"FK_VendaAmbiente_Ambiente","VendaAmbiente","CodAmbiente","Ambiente","CodAmbiente"
"FK_VendaDesconto_GrupoProduto","VendaDesconto","GrupoProduto_Codigo","GrupoProduto","GrupoProduto_Codigo"
"FK_VendaDesconto_Venda","VendaDesconto","Ven_CodigoPre","Venda","Ven_CodigoPre"
"FK_VendaIndicacao_Indicacao","VendaIndicacao","Ind_Codigo","Indicacoes","Ind_codigo"
"FK_VendaIndicacaoGrupProd_GrupoProduto","VendaIndicacaoGrupProd","GrupoProduto_Codigo","GrupoProduto","GrupoProduto_Codigo"
"FK_VendaIndicacaoGrupProd_Indicacao","VendaIndicacaoGrupProd","Ind_Codigo","Indicacoes","Ind_codigo"
"FK_VendaProduto_produtos","VendaProduto","Pro_codnosso","produtos","Pro_codnosso"
"FK_VendaProduto_Venda","VendaProduto","Ven_CodigoPre","Venda","Ven_CodigoPre"
"FK_VendaServico_Ambiente","VendaServico","CodAmbiente","Ambiente","CodAmbiente"
"FK_VendaServico_Servicos","VendaServico","Sev_cod","Servicos","sev_cod"
"FK_VendaServico_Venda","VendaServico","Ven_codigopre","Venda","Ven_CodigoPre"
