"tabela","linhas"
"estoque_produto_dia","8678690"
"Preco_Produto_Log","3158263"
"VendaProduto","549830"
"estoque_log","402161"
"VendaDesconto","300337"
"VendaIndicacaoGrupProd","232415"
"Preco_Produto","169764"
"controle_entrega_data","145480"
"VendaAmbiente","144674"
"Estoque_produto","141043"
"produtos","108992"
"ProdutosFornecedores","108604"
"ImportacaoProduto","87974"
"controle_entrega_prod","77835"
"Movimento_bancario","61046"
"contas_apagar_det","42161"
"Contas_apagar_pag","41981"
"VendaAtendente","37707"
"Pedido_compra_det","34863"
"VendaIndicacao","34666"
"Venda","34136"
"nota_entrada_det","31873"
"ordem_compra_det","30623"
"contas_apagar","30043"
"NotaFiscalProdutos","21883"
"VendaEstoqueVendido","20335"
"contas_Receber_det","18555"
"Contas_receber_pag","17885"
"Reserva_tecnica_GrupoProd","12108"
"DevolucaoProduto","11557"
"lancamento_estoque_det","10646"
"Obras","9454"
"HistoricoVersoesUsuario","9429"
"Controle_entrega","9381"
"Clientes","9322"
"contas_receber","9076"
"pedido_compra","8306"
"IndicacaoGrupProd","7569"
"FornecedorRTGrupProd","7504"
"Credito","7477"
"BalancoEstoqueProdutos","7412"
"FornecedorGrupProd","7252"
"Nota_entrada","6343"
"ordem_compra","5444"
"NotaFiscalContas","5016"
"observacoes","4905"
"VendaServico","4450"
"DevolucaoDesagio","3874"
"Devolucao","3810"
"Lancamento_estoque","3614"
"FornecFatMinimo","3468"
"Reserva_Estoque","3183"
"Movimentos","3006"
"NotaFiscal","2984"
"ControleCheque","2760"
"ControleChequeDet","2728"
"NotaFiscalImportaDoc","2454"
"Indice_precoGrupoUsuario","2059"
"Indice_preco_log","1976"
"Transferencia","1524"
"Indicacoes_Detalhe","1344"
"Indicacoes","1316"
"Reserva_tecnica","1212"
"SisPermissao","875"
"Pasta","872"
"fornecedor","868"
"SisBackup","826"
"custo_log","719"
"CFOP","613"
"Municipio","569"
"HistoricoVersoesLancamento","401"
"ControleRH","397"
"SisUsuariosGrid","397"
"HistoricoVersoes","387"
"Custo","385"
"Indice_preco","376"
"Ambiente","346"
"BalancoEstoque","324"
"TransferenciaEstoqueProduto","302"
"SisOpcoes","287"
"SisPermissaoEspecial","259"
"Texto_Substituicao","249"
"Acabamento","248"
"NotaFiscalComplementar","242"
"FornecedorEmpresaCompradora","227"
"SisSeqTabela","226"
"ProdutosRelacionados","222"
"ProdutosRelacionadosCadProdutos","222"
"ISSQNServicos","198"
"ProdutosRelacionadosDet","185"
"Forma_PagamentoGrupProd","169"
"Bancos","149"
"Profissão","149"
"Plano_Contas","140"
"NotaFiscalCCe","121"
"Funcionario","111"
"Forma_Pagamento_Parcela","101"
"TipoPeca","97"
"Produto_Relacionados","95"
"TransferenciaEstoque","88"
"Nota_Entrada_Dif","86"
"RequisicaoEstoqProd","80"
"SisUsuarios","79"
"ParamentrosCliente","71"
"Siscontrole","57"
"SisOpcoesEspecial","52"
"Contatos","52"
"DevolucaoServico","45"
"forma_pag_parc_fin","42"
"Transportadora","38"
"TipoPIS","33"
"Tipo_documento","33"
"TipoCOFINS","33"
"FechamentoComissaoConta","32"
"Estado","29"
"CartoesBandeiras","28"
"Servicos","27"
"Modo","26"
"Mensagem_Relatorio","24"
"Coletas","23"
"TabelaImposto","23"
"EtiquetaPronta","21"
"Contas_Bancarias","19"
"ParamentrosProfissional","19"
"RTCST","18"
"SPEDFormaPagamento","17"
"Motivo_devolucao","16"
"ComissaoPremiacaoGrup","16"
"Forma_Pagamento","16"
"forma_pagamento_fin","15"
"FechamentoContas","15"
"Bancos_Caixas","15"
"SisUsuariosContasBancarias","14"
"TipoIPI","14"
"GrauInstrucao","13"
"GrupoProduto","12"
"Tributacao","12"
"TipoTributadaICMS","11"
"RTClassTrib","11"
"Regiao","10"
"TipoCSOSN","10"
"TipoModBaseICMS","10"
"SPEDBandeiraCartao","10"
"TipoOrigemProduto","9"
"FechamentoMetaFunc","9"
"CategoriaVenda","8"
"Contas_BancariasCobranca","8"
"MetaVendaGrupProd","8"
"TipoExpedicao","8"
"SisGrupo_Usuario","7"
"SPEDPRESENCA","7"
"unidades","7"
"Setor","7"
"Plano_Contas_Tipo","7"
"ParametrosRTGrupoProdutos","7"
"FechamentoComissao","7"
"ParamentrosSerieVenda","6"
"TipoTributacaoServico","6"
"SPEDTipoFrete","6"
"TipoContaFinanceira","6"
"OrdemServicoSituacao","5"
"RacaCor","5"
"HistoricoVersoesSistema","5"
"DataGanhoVend","5"
"ClassificacaoProduto","5"
"Centro_de_custo","4"
"Beneficio_CST","4"
"Cargo","4"
"ComissaoPremiacaoVlGruPro","4"
"ComissaoPremiacaoCond","4"
"empresa","4"
"ForaDoBalanco","4"
"ForaDoBalancoProduto","4"
"EstoqueTipo","4"
"ParamentrosNFe","4"
"OrgaoRegistro","3"
"HistoricoVersoesCategoria","3"
"ComissaoPremiacaoVlVenda","3"
"Beneficio","3"
"ComissaoPremiacaoVlVCatRem","2"
"ComissaoPremiacaoTpVenda","2"
"ComissaoPremiacao","2"
"FechamentoMeta","2"
"Paises","2"
"RequisicaoEstoq","2"
"Pos_venda_det","2"
"Moeda","2"
"TipoCategoriaVenda","2"
"SysPaises","2"
"Whatsapp_Enviado","2"
"SisVersao","1"
"MetaVendaTpVenda","1"
"Nacionalidade","1"
"MetaVenda","1"
"MetaVendaDet","1"
"Promocao","1"
"Paramentros","1"
"ParametrosRTCategoriaVenda","1"
"ParametrosRTDiaPag","1"
"ParamentrosDesagio","1"
"ParametrosRTIndicacao","1"
"pos_venda","1"
"Filiais","1"
"Cod_tabelas","1"
"Controle_entrega_Assinaturas","1"
"CreditoIndicacao","1"
"CategoriaRemuneracao","1"
"acerto_eletrecistas","1"
"acerto_eletrecistas_det","1"
"acerto_eletrecistas_servicos","1"
"Assistencia_Tecnica","1"
"Assistencia_TecnicaProdutos","1"
"AutorizaInclusao","0"
"AutorizaInclusao_Servicos","0"
"AutorizoInclusao_Luminaria","0"
"AutorizoInclusao_Materiais","0"
"Avulso","0"
"Avulso_luminaria_det","0"
"Avulso_materiais_det","0"
"Assistencia_TecnicaMovimentacao","0"
"Assistencia_TecnicaNota","0"
"AltValorTabela","0"
"CategoriaCliente","0"
"CategoriaProfissionaisExterno","0"
"Cartoes","0"
"Caracteristicas","0"
"ControleChequeDev","0"
"ControleNSU","0"
"ContatosPrincipais","0"
"Contato_grupo_email","0"
"Cob_projetos","0"
"ContaAlteracaoData","0"
"contabilista","0"
"FormaPagamentoECF","0"
"GNR","0"
"Grupo_contato_email","0"
"FechamentoMetaEmp","0"
"Etiqueta_Grupo","0"
"EtiquetaGrupoDet","0"
"EstoqueExterno","0"
"Feriados","0"
"EmpresaFactoring","0"
"EmpresaFactoringAliqDesc","0"
"Enderecos_comuns","0"
"Ent_devolucao","0"
"Ent_devolucao_luminaria_det","0"
"Ent_devolucao_materiais_det","0"
"Ent_devolucao_servico_det","0"
"Ent_devolucaoDesagio","0"
"Entrega","0"
"EntregaDetalhe","0"
"DFeResumoNFe","0"
"dtproperties","0"
"ECFCheque","0"
"ECFContasReceber","0"
"ECFCupom","0"
"ECFCupomNaoFiscal","0"
"ECFFinanceiro","0"
"ECFMapaResumo","0"
"ECFMapaResumoAliquota","0"
"ECFMovimentoCaixa","0"
"ECFProdutos","0"
"EFD_REGISTRO_150","0"
"email_enviado","0"
"DESIGNER","0"
"DadosBancarios","0"
"Etiquetas","0"
"Etiquetas_Campos","0"
"Etiquetas_Textos","0"
"Fabrica","0"
"Factura","0"
"FacturaImport","0"
"FacturaIVA","0"
"FacturaProduto","0"
"Porcentagem_Tributos","0"
"pedido_luminaria_det","0"
"pedido_materiais_det","0"
"pedido_servico_det","0"
"ParametrosRTGrupoProdutosDesconto","0"
"PDVCaixa","0"
"PDVSangria","0"
"PDVSuprimento","0"
"pedido","0"
"orcamento","0"
"Orcamento_luminaria_det","0"
"orcamento_materiais_det","0"
"Orcamento_servico_det","0"
"PromocaoEstoque","0"
"PromocaoProdutos","0"
"QuadroCargas","0"
"QuadroCargasProjeto","0"
"ProdutosRelacionadosCadProdutosAcab","0"
"ProdutosCaracteristicas","0"
"ProdutosLocEstoque","0"
"ProdutosPromPrioritario","0"
"ProdutosPromPrioritarioDet","0"
"Rateio","0"
"RateioDet","0"
"ProdutosServiços","0"
"Saida_comp_luminaria_det","0"
"Saida_comp_materiais_det","0"
"Saida_comp_servico_det","0"
"Saida_complementacao","0"
"Itens_VendaTEF","0"
"Indicacoes_Funcionario","0"
"Horarios","0"
"HorariosDatas","0"
"HorariosDatasDetalhe","0"
"login","0"
"Marca","0"
"MDFe","0"
"MDFeCIOT","0"
"MDFeCondutor","0"
"MDFeContratante","0"
"MDFeCTE","0"
"MDFeLacre","0"
"MDFeMunCarregamento","0"
"MDFeMunicipioDescarregamento","0"
"MDFeNFE","0"
"MDFeReboque","0"
"MDFeSeguro","0"
"MDFeSeguroAverbacao","0"
"MDFeUFPercurso","0"
"MDFeUnidadeCarga","0"
"MDFeUnidadeCargaLacre","0"
"MDFeUnidadeTransporte","0"
"MDFeValePedagio","0"
"NFCONFIG","0"
"NFCONFIGDET","0"
"NFCONFIGDET_LABEL","0"
"NFEInutilizarNum","0"
"NFeObservacao","0"
"NFSe","0"
"NFSeItens","0"
"Motivo_devolucao_tipo","0"
"NotaFiscalTroca","0"
"ordem_compra_Pag","0"
"OrdemCompraDetExt","0"
"OrdemCompraExt","0"
"OrdemServico","0"
"OrdemServicoAmbiente","0"
"OrdemServicoItem","0"
"OrdemServicoProduto","0"
"SisUsuariosGrupo","0"
"SisUsuariosEmpresa","0"
"tamanho","0"
"Tipo_Relatorio","0"
"TipoLinha","0"
"TipoMotivo","0"
"TiposContatos","0"
"VendaEmail","0"
"VendaEstoque","0"
"Transferencia_filiais","0"
"Transferencia_filiais_produtos","0"
"TransfIndicacao","0"
"TransfIndicacaoDet","0"
"TributacaoServico","0"
"Venda_TEF","0"
"VendaDataEntrega","0"
"VendaDataRetorno","0"
