for_codigo;Ipr_descricao;Ipr_custo;Ipr_produto;Ipr_vl_Tabela;Ipr_vl_Custo;Ipr_vl_com_inter;Ipr_vl_com_exter;Ipr_vl_venda;Ipr_desconto;Ipr_Lucro;Ipr_vl_Lucro;Ipr_Indice;Ipr_CodigoSigla;Ipr_situacao;Ipr_IndiceVlCusto;Ipr_VlLucroCusto;Ipr_CustoTotal
1;ITESTE;1;LINNY ARANDELA;252,0000;129,4200;4,0000;10,0000;252,0000;;34,6429;87,3000;1,0000;1;A;;;
2;ILUMINAR;2;LINNY ARANDELA FOCO DUPLO FECHADO 26X76 H=76;197,0000;206,8500;0,0000;0,0000;640,2500;0,0000;67,6923;433,4000;3,2500;2;A;3,1;209,5238;206,85
2;ILUMINAR ESPECIAL;261;LUA PLAFON DE SOBREPOR D=420X130 MM FLUOR. EL;276,0000;289,8000;0,0000;0,0000;814,2000;0,0000;64,4068;524,4000;2,9500;260;A;2,81;180,9524;289,8
2;ILUMINAR PREÇO 2;357;LUA PLAFON DE SOBREPOR Ø=630X165 MM FLUOR.;755,0000;792,7500;0,0000;0,0000;2695,3500;0,0000;70,5900;1902,6000;3,5700;355;A;3,4;240;792,75
2;ILUMINAR SLOT / GAP;317;SLOT PERFIL DE EMBUTIR L=28MM C= 500MM;76,0000;76,0000;0,0000;0,0000;243,2000;0,0000;68,7500;167,2000;3,2000;316;A;3,2;220;76
3;BLUMENOX;3;;39,5300;33,3600;0,0000;0,0000;70,1300;0,0000;52,4312;36,7700;1,7700;3;A;2,1;110,2218;33,36
3;BLUMENOX  IMPOSTO AP;259;EBT-10047 EMBUTIDO TITAN;270,1400;270,1400;0,0000;0,0000;675,3500;;60,0000;405,2100;2,5000;257;A;2,5;150;270,14
3;BLUMENOX OUTRA LINHA;225;PLM-610 - PLAFON MOON BRANCO FOSCO 220MM 2XE2;135,9900;124,0000;0,0000;0,0000;260,6600;0,0000;52,4285;136,6600;1,9200;224;A;2,1;110,2097;124
4;OSRAM - SP;382;LED PAR38 IP65 13.5W 6500K 1460LM BIVE27;65,6100;65,6100;0,0000;0,0000;209,9500;0,0000;68,7497;144,3400;3,2000;381;A;3,2;219,997;65,61
4;OSRAM 1;4;LAMP INC V. LISA 220V 25W SIL E27 10X5;3,3700;3,3700;0,0000;0,0000;7,0699;0,0000;52,3338;3,7000;2,1000;4;A;2,1;109,7923;3,37
4;OSRAM LUMINARIAS;147;LUM MONAVI PRETA;168,6900;168,6900;0,0000;0,0000;421,7200;0,0000;59,9995;253,0300;2,5000;146;A;2,5;149,997;168,69
5;PIULUCCE;33;EMBUTIDO DE PAREDECAIXA DE EMBUTIR:CHAPA/FREN;112,1200;122,2100;0,0000;0,0000;284,4700;0,0000;57,0394;162,2600;2,5400;33;A;2,33;;
6;ALTENA SPOT;35;SPOT SIMI C/ PLUG ALTRAC PAR-16/DICRO (GU-10);74,9800;93,5400;0,0000;0,0000;198,5100;;52,8789;104,9700;2,6500;35;A;2,12;112,2194;93,54
6;ALTENA TRILHOS;34;TRILHO ELETRIFICADO ALTRAC 1M (BRANCO FOSCO);99,9800;113,2200;0,0000;0,0000;233,1900;;51,4500;119,9700;2,3300;34;A;2,06;;
7;BERTOLUCCI;36;ABAETÉ PQ.PE;2100,0000;1260,0000;0,0000;0,0000;2898,0000;0,0000;56,5217;1638,0000;1,3800;36;A;2,3;130;1260
7;BERTOLUCCI PÇ SUGERI;299;2050 - PALM SPRINGS.PE.CORES CLARAS;7325,5000;7325,5000;0,0000;0,0000;16848,6500;0,0000;56,5200;9523,1500;2,3000;297;A;2,3;;
8;MAXIMO F. INTRAL;37;;42,0000;47,3000;0,0000;0,0000;110,3000;0,0000;57,1170;63,0000;2,6300;37;A;2,33;133,1924;47,3
8;MAXIMO F. LUXXEL;38;;40,0000;51,3600;0,0000;0,0000;111,3600;0,0000;53,8793;60,0000;2,7800;38;A;2,17;116,8224;51,36
8;MAXIMO LUMINARIAS;39;;65,0000;73,2100;0,0000;0,0000;170,7100;0,0000;57,1144;97,5000;2,6300;39;A;2,33;133,1785;73,21
10;STELLA FONTE;313;STH5899;160,0000;166,0000;0,0000;0,0000;344,0000;0,0000;51,7442;178,0000;2,1500;311;A;2,07;107,2289;166
10;STELLA FONTE / SP;355;STH5899;160,0000;166,0000;0,0000;0,0000;375,6000;0,0000;55,8040;209,6000;2,3500;353;A;2,26;126,2651;166
10;STELLA SPOT / SP;360;TRILHO DE EMBUTIR 1M - BRANCO;49,9000;73,6500;0,0000;0,0000;160,9800;0,0000;54,2490;87,3300;3,2300;358;A;2,19;118,5743;73,65
10;STELLA TECH FITA /SP;356;5W/M | FITA 12V ECO;9,7800;10,7300;0,0000;0,0000;23,5500;0,0000;54,4374;12,8200;2,4100;356;A;2,19;119,4781;10,73
10;STELLA TRILHO / SP;363;TRACE TRILHO DE EMBUTIR - 2M PRETO;238,9000;315,8300;0,0000;0,0000;733,9100;0,0000;56,9661;418,0800;3,0700;361;A;2,32;132,375;315,83
10;STELLATECH - FITA;314;5W/M | FITA 12V ECO;9,7800;10,7300;0,0000;0,0000;21,4900;0,0000;50,0698;10,7600;2,2000;312;A;2;100,2796;10,73
10;STELLATECH 40;318;TRACE TRILHO DE EMBUTIR - 2M PRETO;238,9000;315,8300;0,0000;0,0000;674,1800;0,0000;53,1535;358,3500;2,8200;317;A;2,13;113,4629;315,83
10;STELLATECH 41;319;TRILHO DE EMBUTIR 1M - BRANCO;49,9000;73,6500;0,0000;0,0000;148,0200;0,0000;50,2432;74,3700;2,9700;318;A;2,01;100,9776;73,65
10;STH 1;43;KIT BARRAS LED 90CM 4,5W;77,0000;114,3900;0,0000;0,0000;229,8900;0,0000;50,2400;115,5000;2,9900;43;D;2,01;100,9704;114,39
10;STH 2;45;FONTE 9W (0,75A);19,2000;26,0900;0,0000;0,0000;46,4900;0,0000;43,8804;20,4000;2,4200;44;D;1,78;78,1909;26,09
10;STH 3;44;ACESSORIOS;17,9000;25,1000;0,0000;0,0000;44,0200;0,0000;42,9805;18,9200;2,4600;45;A;1,75;75,3785;25,1
10;STH 4;47;PEÇAS;24,9000;35,5500;0,0000;0,0000;73,8600;0,0000;51,8684;38,3100;2,9700;47;A;2,08;107,7637;35,55
10;STH ACESSORIOS / SP;364;ACESSORIOS;17,9000;25,1000;0,0000;0,0000;48,5500;0,0000;48,3007;23,4500;2,7100;363;A;1,93;93,4263;25,1
10;STH LÂMP;42;LAMPADA;12,9000;13,7400;0,0000;0,0000;27,9300;0,0000;50,8056;14,1900;2,1700;42;A;2,03;103,2751;13,74
10;STH LÂMP / SP;366;LAMPADA;12,9000;13,7400;0,0000;0,0000;30,6400;0,0000;55,1567;16,9000;2,3800;365;A;2,23;122,9985;13,74
10;STH PEÇAS / SP;367;PEÇAS;24,9000;35,5500;0,0000;0,0000;79,1300;0,0000;55,0739;43,5800;3,1800;366;A;2,23;122,5879;35,55
11;DRAMALUX;46;;13,0000;13,0000;0,0000;0,0000;32,5000;0,0000;60,0000;19,5000;2,5000;46;A;2,5;150;13
11;DRAMALUX - PREÇO 2;353;SINES;473,5000;473,5000;0,0000;0,0000;1420,5000;0,0000;66,6667;947,0000;3,0000;352;A;3;200;473,5
11;DRAMALUX 2;352;HASTE PARA JARDIM;40,0000;40,0000;0,0000;0,0000;120,0000;0,0000;66,6667;80,0000;3,0000;351;A;3;200;40
12;WAGNER ARCHELA;48;LUMIERE PENDENTEMINI Ø25X20CM  BRANCO;455,8200;546,9800;0,0000;0,0000;1230,7100;0,0000;55,5557;683,7300;2,7000;48;A;2,25;;
13;ABALUX;54;A01;67,2100;89,6200;0,0000;0,0000;163,5500;0,0000;45,2033;73,9300;2,4300;54;A;1,82;82,4927;89,62
13;ABALUX IMPORTADO;238;A431-IP66;79,3000;95,0400;0,0000;0,0000;167,4400;0,0000;43,2394;72,4000;2,1100;237;A;1,76;76,1785;95,04
14;HUNTER ACESSÓRIOS;50;;70,9700;78,0700;0,0000;0,0000;156,1400;0,0000;50,0000;78,0700;2,2000;50;A;2;100;78,07
14;HUNTER KIT DE ILUMIN;51;KIT ILUMINAÇÃO BRONZE COM GLOBO 10'';102,0100;117,3100;0,0000;0,0000;229,5200;0,0000;48,8890;112,2100;2,2500;51;A;1,96;95,6525;117,31
14;HUNTER VENTILADORES;49;VENTILADOR 42'' BAY PORT;362,7900;417,2100;0,0000;0,0000;816,2700;0,0000;48,8882;399,0600;2,2500;49;A;1,96;95,6497;417,21
15;MANTRA AJ,TR,VD,CP;53;ABAJOUR CARLOTA;568,3700;568,3700;0,0000;0,0000;1477,7600;0,0000;61,5384;909,3900;2,6000;52;A;2,6;159,9996;568,37
15;MANTRA LU,PN,EB,AD;52;LUSTRE MEDUSE CRISTAL ASFOUR 90CM 38L;2800,0000;2800,0000;0,0000;0,0000;7280,0000;0,0000;61,5385;4480,0000;2,6000;53;A;2,6;160;2800
16;VOLARE;55;VOLARE COBRE VR42 PÉTALO PALMAE TB 127V;581,0600;643,8100;0,0000;0,0000;1457,2900;0,0000;55,8214;813,4800;2,5100;55;A;2,26;126,354;643,81
16;VOLARE - SP;388;VOLARE COBRE VR42 PÉTALO PALMAE TB 127V;581,0600;643,8100;0,0000;0,0000;1805,9300;0,0000;64,3502;1162,1200;3,1100;387;A;2,81;180,5067;643,81
16;VOLARE ACESSORIOS;134;CONTROLE DE PAREDE VENTILADOR 127V;92,4600;112,1000;0,0000;0,0000;250,7900;0,0000;55,3012;138,6900;2,7100;133;A;2,24;123,7199;112,1
17;DIMLUX;56;ADAPTADOR PARA TRILHO;8,5000;9,7800;0,0000;0,0000;22,5300;0,0000;56,5912;12,7500;2,6500;56;A;2,3;;
18;DIREÇÃO DA LUZ;57;1 LÂMP. 9/7W BASE G23;32,1000;39,7000;0,0000;0,0000;84,6400;0,0000;53,0955;44,9400;2,6400;57;A;2,13;;
19;AVER;58;ADELAIDE CLEAR;767,5500;842,3900;0,0000;0,0000;1993,7100;0,0000;57,7476;1151,3200;2,6000;58;A;2,37;136,673;842,39
19;AVER CORRENTE PREÇO2;359;CORRENTE CAMADA 01 - ARANDELA CASABLANCA - SE;15,0000;15,0000;0,0000;0,0000;36,0000;0,0000;58,3300;21,0000;2,4000;359;A;2,4;140;15
19;AVER CORRENTES;340;;15,0000;15,0000;0,0000;0,0000;30,0000;0,0000;50,0000;15,0000;2,0000;339;A;2;100;15
19;AVER PEÇAS PREÇO 2;358;PENDENTE STELLA FOLHEADO OURO ENVELHECIDO;5684,0000;6238,1900;0,0000;0,0000;18742,9900;0,0000;66,7172;12504,8000;3,3000;357;A;3;200,4556;6238,19
20;BRILIA ESPETO;67;LUMINÁRIA PAINEL QUADRADO DE EMBUTIR 22,5CM 3;24,0500;34,6800;0,0000;0,0000;70,7500;0,0000;50,9823;36,0700;2,9400;67;A;2,04;104,0081;34,68
20;BRILIA FITA;69;FITA PLUG & PLAY 15 W/M 220V RGB;13,4400;19,4800;0,0000;0,0000;34,2600;0,0000;43,1407;14,7800;2,5500;65;A;1,76;75,8727;19,48
20;BRILIA HASTE;239;HASTE MAIOR PARA ESPETO;80,0000;80,0000;0,0000;0,0000;200,0000;0,0000;60,0000;120,0000;2,5000;238;A;2,5;150;80
20;BRILIA LAMP LED;61;BULBO 12W E27 200° 3000K BIVOLT;11,3500;15,8100;0,0000;0,0000;29,1500;0,0000;45,7633;13,3400;2,5700;61;A;1,84;84,377;15,81
21;QUARTO CRESCENTE;70;PENDENTE "PLAZA", Ø 50X30X48H, TELAFLEX, 4XE;580,0000;629,0700;0,0000;0,0000;1325,0700;0,0000;52,5255;696,0000;2,2800;70;A;2,11;;
22;BELLA;71;LUSTRE DE TETO EM METAL E VIDRO;2987,0000;2987,0000;0,0000;0,0000;7467,5000;0,0000;60,0000;4480,5000;2,5000;71;A;2,5;;
23;CVILLE;74;1 - MINI-DICROICA MR 11 20/35W;21,4300;19,7200;0,0000;0,0000;59,7300;8,0000;64,1128;35,2300;2,7900;74;A;3,03;;
24;WSG - DESSINE;72;ARANDELA INT/EXT 6X3 3000K CREE FACH/FECH IP6;552,6400;552,6400;0,0000;0,0000;1381,6000;0,0000;60,0000;828,9600;2,5000;72;A;2,5;;
25;LED PLUS;73;ARANDELA;189,0000;189,0000;0,0000;0,0000;472,5000;0,0000;60,0000;283,5000;2,5000;73;A;2,5;;
26;INTRAL;75;AC-13.118/127.60 REAT.CONV.;37,8100;48,5000;0,0000;0,0000;93,8700;0,0000;48,3328;45,3700;2,4800;75;A;1,94;93,5464;48,5
26;INTRAL 1;81;DRIVER DE TENSÃO PARA LED IES12V DC/15;46,3200;61,7300;0,0000;0,0000;117,3100;0,0000;47,3787;55,5800;2,5300;81;A;1,9;;
27;TREELUX BRAZIL A;76;APLIQUE HORBIT , PINTURA PRATA, ALUM+METAL, 1;87,0000;105,9100;0,0000;0,0000;236,4100;0,0000;55,2007;130,5000;2,7200;76;A;2,23;;
27;TREELUX BRAZIL B;77;AB PRATA MÓVEL COM UM BRAÇO E LIGA-DESLIGA NA;142,0000;174,6600;0,0000;0,0000;387,6600;0,0000;54,9451;213,0000;2,7300;77;A;2,22;;
27;TREELUX BRAZIL C;78;LP. VELA TORCIDA LED 3W 2.700K BI-VOLT AUTOMÁ;24,0000;29,5900;0,0000;0,0000;65,5800;0,0000;54,8795;35,9900;2,7300;78;A;2,22;;
28;UPZ;79;ARANDELA SIGNUS;26,2500;26,2500;0,0000;0,0000;65,6200;0,0000;59,9970;39,3700;2,5000;79;A;2,5;149,981;26,25
28;UPZ - SP;393;ARANDELA SIGNUS;26,2500;26,2500;0,0000;0,0000;84,0000;0,0000;68,7500;57,7500;3,2000;392;A;3,2;220;26,25
29;PIER;80;ARANDELA;547,4300;547,4300;0,0000;0,0000;1368,5700;0,0000;59,9999;821,1400;2,5000;80;A;2,5;;
30;DONA CLO;91;PENDENTE CILINDRICO DIAMETRO 30 H1,50 EM TECI;358,0000;389,1500;0,0000;0,0000;961,9500;0,0000;59,5457;572,8000;2,6900;91;A;2,47;;
31;INDIO DA COSTA;419;TESSÁ ARANDELA/PLAFON MINI;789,3600;789,3600;0,0000;0,0000;2368,0800;0,0000;66,6667;1578,7200;3,0000;419;A;3;200;789,36
31;MUNCLAIR;92;SPOT 30X13 1E27 LCF 15W PAR30 75W / LEDPAR30;113,0000;122,9700;0,0000;0,0000;196,8200;0,0000;37,5216;73,8500;1,7400;92;A;1,6;60,0553;122,97
31;MUNCLAIR - SP;412;PE AQUARIO;1346,0000;1464,7200;0,0000;0,0000;4425,9200;0,0000;66,9059;2961,2000;3,2900;412;A;3,02;202,1683;1464,72
31;MUNCLAIR AJ E CL;93;ABAJUR Ø14 H30 LAMP VELA (CANDLE) MÁX 60W;120,0000;129,9400;0,0000;0,0000;208,5600;0,0000;37,6966;78,6200;1,7400;93;A;1,61;60,5048;129,94
32;XELUX;94;BIPINO XELUX 20W 220V;2,6200;2,6200;0,0000;0,0000;5,5000;0,0000;52,3636;2,8800;2,1000;94;A;2,1;;
33;PHILIPS;95;REATOR 2X32W - BIVOLT PHILIPIS;12,4900;12,4900;0,0000;0,0000;26,2200;0,0000;52,3646;13,7300;2,1000;95;A;2,1;;
34;RCG;96;REATOR 2X36W -  4 PINOS BIVOLT RCG;30,3000;30,3000;0,0000;0,0000;63,6300;0,0000;52,3810;33,3300;2,1000;96;A;2,1;;
35;FABBIAN;97;TILE II - MODULO ESTRUTURAL 300MM / STARTER;505,2800;505,2800;0,0000;0,0000;1263,2000;0,0000;60,0000;757,9200;2,5000;97;A;2,5;;
36;ESTUDIO BOLA;98;ABAJUR ALUMÍNIO COM PINTURA A PÓ POLIÉSTER MI;537,5200;750,0000;0,0000;0,0000;1556,2800;0,0000;51,8082;806,2800;2,9000;98;A;2,08;;
37;VIDROCOR;99;FILTRO MR-11 (MINI DICRÓICA) - TRANSPARENTE O;3,2000;3,2000;0,0000;0,0000;8,0000;0,0000;60,0000;4,8000;2,5000;99;A;2,5;;
38;MOOOI;100;BRAVE NEW WORLD LAMP NATURAL OAK;12359,5400;14584,2600;0,0000;0,0000;33123,5700;0,0000;55,9701;18539,3100;2,6800;100;A;2,27;127,1186;14584,26
38;MOOOI 2;295;VALENTINE FLAT, GOLD;23895,1500;28196,2800;0,0000;0,0000;52091,4300;0,0000;45,8716;23895,1500;2,1800;293;A;1,85;84,7458;28196,28
38;MOOOI 3;341;;7476,4300;8822,1900;0,0000;0,0000;18541,5400;0,0000;52,4193;9719,3500;2,4800;340;A;2,1;110,1694;8822,19
39;VERTZ;101;RABICHO T8;0,3800;0,3800;0,0000;0,0000;0,7900;0,0000;51,8987;0,4100;2,0800;101;A;2,08;107,8947;0,38
39;VERTZ 2,4;234;ABAJUR CHESS KLAXON;1242,0000;1242,0000;0,0000;0,0000;2980,8000;0,0000;58,3333;1738,8000;2,4000;233;A;2,4;140;1242
39;VERTZ MARGEM APLICAD;277;KIT 1 UNID DE DESLOCADOR + BUCHA/PARAFUSO;22,1100;22,1100;0,0000;0,0000;22,1100;0,0000;0,0000;0,0000;1,0000;275;A;1;0;22,11
40;PALACIO;102;ARANDELA 1L AÇO ESCOVADO;54,0000;60,4800;0,0000;0,0000;141,4800;0,0000;57,2519;81,0000;2,6200;102;A;2,34;;
40;PALACIO AJ;103;ABAJUR AÇO ESCOVADO;83,0000;98,3000;0,0000;0,0000;222,7900;0,0000;55,8777;124,4900;2,6800;103;A;2,27;;
41;ARTEMIDE;104;TOLOMEU TETO SUPORTE;1780,8500;2047,9800;0,0000;0,0000;4719,2500;0,0000;56,6037;2671,2700;2,6500;104;A;2,3;130,4344;2047,98
41;ARTEMIDE /  ILUMINAR;327;COSMIC;14254,5600;14254,5600;0,0000;0,0000;38487,3200;0,0000;62,9630;24232,7600;2,7000;326;A;2,7;170,0001;14254,56
41;ARTEMIDE IMPORTAÇÃO;293;MELAMPO - ABAJUR E27 2X40W BRONZE ECRÙ;2752,3600;2752,3600;0,0000;0,0000;6880,9000;0,0000;60,0000;4128,5400;2,5000;291;A;2,5;150;2752,36
42;KLAXON;112;PENDENTE LALI - PEQUENO MEDIDA: D 15 CM X A 2;88,0000;102,9600;0,0000;0,0000;234,9600;0,0000;56,1798;132,0000;2,6700;112;A;2,28;128,2051;102,96
42;LIGHTMUN;105;1847 - COBRE E CIMENTO (THOMAS) - INDICAÇÃO D;257,4000;339,0000;0,0000;0,0000;725,0900;0,0000;53,2472;386,0900;2,8200;107;A;2,14;113,8909;339
42;PEPE;107;PEPE HORIZOLTAL 34 CM ALT. X 83 CM DIAM.;3105,0000;4098,6000;0,0000;0,0000;8756,1000;0,0000;53,1915;4657,5000;2,8200;105;A;2,14;113,6364;4098,6
42;ZULL;106;LUMINÁRIA DE MESA ULLY (URSO);257,0000;257,0000;0,0000;0,0000;565,4000;0,0000;54,5455;308,4000;2,2000;106;A;2,2;;
43;GOLDEN ART;108;COLUNA CONE EM ALUMINIO - SOQ. E-27;302,0000;338,2400;0,0000;0,0000;791,2400;0,0000;57,2519;453,0000;2,6200;108;A;2,34;133,9286;338,24
43;GOLDEN ART - SP;378;ARANDELA MILKA - 2 SOQUETE GU-10;240,0000;305,8300;0,0000;0,0000;833,8300;0,0000;63,3223;528,0000;3,4700;377;A;2,73;172,6449;305,83
43;GOLDEN ART 2;123;COLUNA CASTT- BASE 40 CM;455,0000;523,2500;0,0000;0,0000;1205,7500;0,0000;56,6038;682,5000;2,6500;123;A;2,3;130,4348;523,25
43;GOLDEN ART 3;124;T202/25;1350,0000;1720,3100;0,0000;0,0000;3726,0000;0,0000;53,8296;2005,6900;2,7600;124;A;2,17;116,5889;1720,31
44;CLARÃO;109;POSTE JARDIM RESIDENCIAL ALUMINIO;208,8000;269,0000;0,0000;0,0000;582,2000;0,0000;53,7959;313,2000;2,7900;109;A;2,16;116,4312;269
44;CLARÃO IPI;155;POSTE JARDIM RESIDEN;147,0000;154,3500;0,0000;0,0000;392,5700;0,0000;60,6822;238,2200;2,6700;130;A;2,54;154,3375;154,35
44;CLARÃO SEM ST;110;POSTE JARDIM RESIDENCIAL AÇO CARBONO;37,4700;41,1100;0,0000;0,0000;97,3200;0,0000;57,7579;56,2100;2,6000;110;A;2,37;136,7307;41,11
45;MISTER LED;111;SISTEMA R2 -PERFIL DE ALUMÍNIO E UM MICRO DIF;179,0000;218,4900;0,0000;0,0000;475,8000;0,0000;54,0794;257,3100;2,6600;111;A;2,18;117,7674;218,49
45;MISTER LED - SP;371;PERFIL SLED9002 C 200 A 3000 MM - FITA 9,6W;112,0000;136,7100;0,0000;0,0000;383,1100;0,0000;64,3157;246,4000;3,4200;370;A;2,8;180,2355;136,71
46;LITTMAN;113;HANGER 31  1LT PENDENTE PEQUENO;829,0000;1059,7900;0,0000;0,0000;2303,2900;0,0000;53,9880;1243,5000;2,7800;113;A;2,17;;
47;VR LUX;114;PENDENTE 1840 BF/ES ACJ (1200MM) LED;1798,0000;1285,1800;0,0000;0,0000;2795,5000;0,0000;54,0268;1510,3200;1,5500;114;A;2,18;117,5182;1285,18
47;VR LUX - LINHA TECNI;131;PF EMBUTIR RC0356 670X90 BF T5 14W;93,0700;66,5300;0,0000;0,0000;219,6400;0,0000;69,7095;153,1100;2,3600;131;A;3,3;;
48;ALPES ILUMINACAO;115;PENDENTE CUPULA 80CM P/ 1E27 DXH = 800X400;560,0000;697,9800;0,0000;0,0000;1537,9800;0,0000;54,6171;840,0000;2,7500;115;A;2,2;;
49;ALFILUX (FLOS);116;CAN CAN EUR BCO/FREGIO TRASP.;1456,0000;1630,7200;0,0000;0,0000;3814,7200;0,0000;57,2519;2184,0000;2,6200;116;A;2,34;133,9286;1630,72
49;ALFILUX COM IPI 15%;133;ARANDELA 265;3692,7700;4246,6900;0,0000;0,0000;8308,7300;0,0000;48,8888;4062,0400;2,2500;132;A;1,96;95,6519;4246,69
49;ALFILUX ESPECIAL;229;AIM;3666,7700;3666,7700;0,0000;0,0000;7333,5400;0,0000;50,0000;3666,7700;2,0000;228;A;2;100;3666,77
49;ALFILUX SEM IPI / ST;145;UT SPOT DOW NT D57 FL DA  LED ARRAY 3K C90 18;1139,3800;1139,3800;0,0000;0,0000;1139,3800;0,0000;0,0000;0,0000;1,0000;144;A;1;0;1139,38
50;APLICAR DESCONTO;132;LÂMPADA DE LED MR16 - GU10 6W 2700K;45,0000;44,3000;0,0000;0,0000;86,4900;0,0000;48,7802;42,1900;1,9200;204;A;1,95;95,237;44,3
50;DESCONTO MAIOR;342;PROJETOR SOLO;100,0000;88,6100;0,0000;0,0000;172,9900;0,0000;48,7774;84,3800;1,7300;341;A;1,95;95,2263;88,61
50;DESCONTO MAIOR - SP;420;LUMINARIA DO IT;323,7000;239,7900;0,0000;0,0000;632,8200;0,0000;62,1077;393,0300;1,9500;420;A;2,64;163,9059;239,79
50;DO IT - SP;432;PENDENTE DO IT;100,0000;91,8900;0,0000;0,0000;195,4900;0,0000;52,9950;103,6000;1,9500;432;A;2,13;112,7435;91,89
50;INTERLIGHT;117;LUMINÁRIA DE EMBUTIR COM DIFUSOR E LED ALUMIN;195,2000;256,2400;0,0000;0,0000;500,2400;0,0000;48,7766;244,0000;2,5600;117;A;1,95;95,2232;256,24
50;INTERLIGHT - SP;375;LUMINÁRIA DE EMBUTIR COM DIFUSOR E LED ALUMIN;195,2000;256,2400;0,0000;0,0000;545,1400;0,0000;52,9956;288,9000;2,7900;374;A;2,13;112,7459;256,24
50;INTERLIGHT DESC - SP;386;LÂMPADA DE LED MR16 - GU10 6W 2700K;45,0000;44,3000;0,0000;0,0000;94,2500;0,0000;52,9973;49,9500;2,0900;385;A;2,13;112,754;44,3
50;INTERLIGHT DO IT;430;LUMINÁRIA PONTUAL DO IT;136,9000;125,7900;0,0000;0,0000;245,5800;0,0000;48,7784;119,7900;1,7900;430;A;1,95;95,2301;125,79
51;FASA;118;KIT STARLIGHT FENIX 80 - ÁREA DE ATÉ 2,5M² -;1735,4100;1735,4100;0,0000;0,0000;1735,4100;0,0000;0,0000;0,0000;1,0000;118;A;1;0;1735,41
51;FASA REVENDA;270;KIT STARLIGHT ORION 300;2701,7300;2701,7300;0,0000;0,0000;4863,1100;0,0000;44,4444;2161,3800;1,8000;268;A;1,8;79,9999;2701,73
51;FASA REVENDA 2,0;296;LUMINARIA CHANDELIER COM CRISTAIS SOMENTE NAS;12006,5200;12006,5200;0,0000;0,0000;24013,0400;0,0000;50,0000;12006,5200;2,0000;294;A;2;100;12006,52
52;NOTA FISCAL;119;PERFIL;699,2700;699,2700;0,0000;0,0000;699,2700;0,0000;0,0000;0,0000;1,0000;119;A;1;;
53;COMERCIAL PASSARINI;120;VALENCIA - A;124,2200;124,2200;0,0000;0,0000;310,5500;0,0000;60,0000;186,3300;2,5000;120;A;2,5;;
54;VERMONTEX (NEMO);122;8 1/2 OMAGGIO A C. BRANCUSI   36 X 36 X 190;22737,6000;26830,3700;0,0000;0,0000;60936,7700;0,0000;55,9701;34106,4000;2,6800;122;A;2,27;127,1186;26830,37
55;EVOLED - SP;392;LED GU10 6W 100-240V 3000K ÂNGULOS AJUSTÁVEIS;19,5600;19,5600;0,0000;0,0000;62,5900;0,0000;68,7490;43,0300;3,2000;391;A;3,2;219,9898;19,56
55;EVOLED (ATIVA COMERC;121;LED GU10 6W 100-240V 3000K ÂNGULOS AJUSTÁVEIS;19,5600;19,5600;0,0000;0,0000;48,9000;0,0000;60,0000;29,3400;2,5000;121;A;2,5;150;19,56
55;EVOLED LAMPADAS;193;LED GU10 6W 100-240V 3000K ÂNGULOS AJUSTÁVEIS;13,8000;13,8000;0,0000;0,0000;33,1200;0,0000;58,3333;19,3200;2,4000;191;A;2,4;140;13,8
56;LUNIX;125;EMBUTIDO SOLO PTO. REDEDONDO;60,0000;63,9000;0,0000;0,0000;153,9000;0,0000;58,4795;90,0000;2,5600;125;A;2,41;;
57;BRONZEARTE;126;PENDENTE WOOD Ø80CM - LÂMPADA 1 X E27 - ACABA;561,0000;717,1800;0,0000;0,0000;1670,8800;0,0000;57,0777;953,7000;2,9800;126;A;2,33;132,9792;717,18
57;BRONZEARTE - LAMP;159;LAMPADA LED TUBOLAR 20W 4000K;28,5900;32,0200;0,0000;0,0000;63,4600;0,0000;49,5430;31,4400;2,2200;156;A;1,98;;
58;ACCORD;127;PEND. CÔNICO FACETADO OCTOGONAL Ø 30CM ALT.30;123,7900;144,0900;0,0000;0,0000;329,7700;0,0000;56,3059;185,6800;2,6600;127;A;2,29;128,8639;144,09
58;ACCORD - SP;403;PEND. CÔNICO FACETADO OCTOGONAL Ø 30CM ALT.30;123,7900;144,0900;0,0000;0,0000;416,4300;0,0000;65,4000;272,3400;3,3600;403;A;2,89;189,0069;144,09
59;ARANYI;128;LUMINÁRIA DE EMBUTIR - P/LAMPADAS DE 16W E 20;73,3500;79,6900;0,0000;0,0000;164,0500;0,0000;51,4233;84,3600;2,2400;128;A;2,06;;
60;LUMART;129;PENDENTE CONICO;49,2600;53,5200;0,0000;0,0000;127,4100;0,0000;57,9939;73,8900;2,5900;129;A;2,38;;
61;GERBAR - SP;409;;1127,0000;1226,4000;0,0000;0,0000;2916,9000;0,0000;57,9554;1690,5000;2,5900;409;A;2,38;137,8425;1226,4
61;GERBAR ACESSORIOS;379;CONTROLE KAYE;298,0000;361,3000;0,0000;0,0000;689,1000;0,0000;47,5693;327,8000;2,3100;378;A;1,91;90,7279;361,3
61;GERBAR VENTILADORES;135;WINDPOINTE - 1,32M DIÂM.-5 PÁS / ABS IMITANDO;1127,0000;1226,4000;0,0000;0,0000;2466,1000;0,0000;50,2697;1239,7000;2,1900;134;A;2,01;101,0845;1226,4
62;ESTOQUE - ILUMINAR;138;PLANUS PLAFON DE EMBUTIR 104X600 MM FLUOR. T8;96,9200;96,9200;0,0000;0,0000;96,9200;0,0000;0,0000;0,0000;1,0000;137;A;1;0;96,92
62;ESTOQUE - LAMPADAS;136;LAMP HALOSPOT 111 12V 100W 8¦;6,0000;6,0000;0,0000;0,0000;12,6000;0,0000;52,3810;6,6000;2,1000;136;A;2,1;110;6
62;ESTOQUE - PEÇAS;137;EMBUTIDO AQUALED 4W 10V;20,0000;20,0000;0,0000;0,0000;50,0000;0,0000;60,0000;30,0000;2,5000;135;A;2,5;150;20
63;ADALL;139;DSS - SUPORTE;129,1700;138,2100;0,0000;0,0000;306,1300;0,0000;54,8525;167,9200;2,3700;138;A;2,21;;
64;BILTECH;140;CENTRAL DE ASPIRACAO BM 265EA;1970,4500;2108,3800;0,0000;0,0000;4669,9600;0,0000;54,8523;2561,5800;2,3700;139;A;2,21;;
65;ALFA - LOUD AUDIO;141;AMPLIFICADOR ESTÉREO 60W + CONTROLE REMOTO +;575,0000;615,2500;0,0000;0,0000;1362,7500;0,0000;54,8523;747,5000;2,3700;140;A;2,21;;
132;CHIAVE DIST (SOM);162;CAIXA ACÚSTICA, POTÊNCIA: 40W, IMPEDÂNCIA: 8;79,0000;79,0000;0,0000;0,0000;181,7000;0,0000;56,5217;102,7000;2,3000;159;A;2,3;;
133;LÂMPADA;142;LÂMPADA INCANDESCENTE VELA  CLARA VL-37 BASE;2,3900;2,3900;0,0000;0,0000;5,0200;0,0000;52,3904;2,6300;2,1000;141;A;2,1;;
141;ROMALUX  - FITA LED;144;FITA LED 60LED/M 4,8W 12V IP65 120º 3000K;14,3500;18,4500;0,0000;0,0000;34,2300;0,0000;46,0999;15,7800;2,3900;143;A;1,86;85,5285;18,45
141;ROMALUX - SP;391;EMBUTIDO 40X40 32W BIV IP20 3000K 120º;142,0500;182,7600;0,0000;0,0000;495,2700;0,0000;63,0989;312,5100;3,4900;390;A;2,71;170,9947;182,76
141;ROMALUX PEÇAS;143;EMBUTIDO 40X40 32W BIV IP20 3000K 120º;142,0500;182,7600;0,0000;0,0000;395,8400;0,0000;53,8298;213,0800;2,7900;142;A;2,17;116,5901;182,76
155;ANPE ILUMINAÇÃO;174;PENDENTE BALL GLASS;280,0000;355,6000;0,0000;0,0000;831,6000;0,0000;57,2391;476,0000;2,9700;171;A;2,34;;
155;ANPE ILUMINAÇÃO 2,5;231;PLAFON SAINT TROPEZ (2022X322MM) CRISTAL ASFO;10807,6200;10807,6200;0,0000;0,0000;27019,0500;0,0000;60,0000;16211,4300;2,5000;230;A;2,5;;
155;ANPE ILUMINAÇÃO VEND;160;ARANDELA SENHORITA;460,0000;460,0000;0,0000;0,0000;1380,0000;0,0000;66,6667;920,0000;3,0000;157;A;3;;
155;PEÇAS;150;ARANDELA ANPE;2200,0000;2200,0000;0,0000;0,0000;4400,0000;0,0000;50,0000;2200,0000;2,0000;148;A;2;;
161;THIAGO LUSTRES;151;ARANDELA EXTERNA PAMPLONA LÂMPADA NA COR PRET;475,0000;588,1500;0,0000;0,0000;1395,6500;0,0000;57,8583;807,5000;2,9400;149;A;2,37;137,2949;588,15
162;METAL DOMADO - SP;373;ARANDELA RETANGULAR 16CM;35,5000;38,2500;0,0000;0,0000;116,3500;0,0000;67,1251;78,1000;3,2800;372;A;3,04;204,183;38,25
162;METAL DONADO;146;ARANDELA RETANGULAR 16 CM;35,5000;38,2500;0,0000;0,0000;87,9500;0,0000;56,5094;49,7000;2,4800;145;A;2,3;;
183;BITCINO;149;TOMADA RJ45 BRANCA LCS2 CAT5E 1MOD LIGHT;47,0400;47,0400;0,0000;0,0000;112,8900;0,0000;58,3311;65,8500;2,4000;147;A;2,4;;
184;STILO CLEAN;152;STELLARIS CRISTAL C/CRISTAIS 55CM PEND;1758,6100;1758,6100;0,0000;0,0000;4411,1700;0,0000;60,1328;2652,5600;2,5100;150;A;2,51;150,8328;1758,61
184;STILO CLEAN - LAMPAD;185;MINI DICROICA MR11 GU10  3W - 2700K;10,9000;12,5000;0,0000;0,0000;34,3000;0,0000;63,5569;21,8000;3,1500;181;A;2,74;;
185;REVOLUZ - ORÇ ESP;158;HALÓGENA AR70;11,7400;14,9900;0,0000;0,0000;27,9000;0,0000;46,2724;12,9100;2,3800;155;A;1,86;86,1241;14,99
185;REVOLUZ - PEÇAS;153;FL. ELETRÔNICA ATÉ 15W;38,8700;44,7000;0,0000;0,0000;103,0000;0,0000;56,6019;58,3000;2,6500;151;A;2,3;130,4251;44,7
187;MART;154;PENDENTE EM METAL;222,8700;222,8700;0,0000;0,0000;557,1700;0,0000;59,9996;334,3000;2,5000;152;A;2,5;;
193;LEDIS - PEÇAS;156;LUM. EMBUTIR 18W BI-VOLT 3000K- BCO;48,6000;52,8000;0,0000;0,0000;125,7000;0,0000;57,9952;72,9000;2,5900;153;A;2,38;;
194;LED;157;ALUMÍNIO INJETADO / DIFUSOR VIDRO;299,0000;343,8500;0,0000;0,0000;831,2200;0,0000;58,6331;487,3700;2,7800;154;A;2,42;;
207;BOB MOLNAR;161;RECEIVER 5,2. 75W, HDMI 5X1, BLUETOOTH;1550,0000;1550,0000;0,0000;0,0000;3100,0000;0,0000;50,0000;1550,0000;2,0000;158;A;2;;
210;NEW LINE;163;BALIZADOR PISO OVATE 1 CFL 25W 75X75X300MM;54,8900;70,1700;0,0000;0,0000;139,9700;0,0000;49,8678;69,8000;2,5500;160;A;1,99;99,4727;70,17
210;NEW LINE2;164;PERFIL LINEAR DE EMBUTIR FIT15 AJUSTAVEL 1900;140,4400;154,1300;0,0000;0,0000;371,8100;0,0000;58,5460;217,6800;2,6500;314;A;2,41;141,2314;154,13
210;NEWLINE - SP;374;BALIZADOR PISO OVATE 1 CFL 25W 75X75X300MM;54,8900;70,1700;0,0000;0,0000;190,9300;0,0000;63,2483;120,7600;3,4800;373;A;2,72;172,0963;70,17
217;DOT LUZ;165;LUSTRE CRISTAL BARRAT DIA80CM X1M, E14*15, CR;3140,4400;3411,7700;0,0000;0,0000;8122,4300;0,0000;57,9957;4710,6600;2,5900;162;A;2,38;;
219;STARLUX;166;LUSTRE TRANSP. 18 LAMPADAS Ø92XH1,30CM;2311,1600;3394,4000;0,0000;0,0000;6861,1500;0,0000;50,5272;3466,7500;2,9700;163;A;2,02;;
224;DNA - SP;426;LUSTRE OCTAVADO 80CM 17 LAMPADAS GU10 (MONTAD;3598,0000;3598,0000;0,0000;0,0000;11939,2400;0,0000;69,8641;8341,2400;3,3200;426;A;3,32;231,8299;3598
224;DNA LUSTRES;167;LUSTRE OCTAVADO 80CM 17 LAMPADAS GU10 (MONTAD;3598,0000;4023,6400;0,0000;0,0000;9780,4400;0,0000;58,8603;5756,8000;2,7200;164;A;2,43;143,0744;4023,64
225;SANTIL;168;LUMINARIA TARTARUGA;39,3000;39,3000;0,0000;0,0000;98,2500;0,0000;60,0000;58,9500;2,5000;165;A;2,5;;
227;LUSTRES THEMA;169;PENDENTE ALUM. BOLA DE FUTEBOL 1L E27 ATÉ 60W;97,0700;106,4400;0,0000;0,0000;251,1000;0,0000;57,6105;144,6600;2,5900;166;A;2,36;;
234;FAS - ILUMINACAO;170;ARANDELA LUCELLINO;4200,0000;4200,0000;0,0000;0,0000;4200,0000;0,0000;0,0000;0,0000;1,0000;167;A;1;0;4200
234;FAS - ILUMINACAO 1,8;248;LUCELLINO LED;6150,0000;5227,5000;0,0000;0,0000;8856,0000;0,0000;40,9722;3628,5000;1,4400;247;A;1,69;69,4118;5227,5
234;LAMPADAS;301;LAMP PAR30 LED 9W 25° 860LM 2700K E27 BIVOLT;80,0000;80,0000;0,0000;0,0000;144,0000;0,0000;44,4444;64,0000;1,8000;299;A;1,8;80;80
235;PETERLIGHT;171;LUMINÁRIA 90º PARA USO INDUSTRIAL;63,0000;63,0000;0,0000;0,0000;157,5000;0,0000;60,0000;94,5000;2,5000;168;A;2,5;;
236;DIC SOM DISTIBUIDORA;180;AMPLIFICADOR RESIDENCIAL 80W;749,9000;749,9000;;0,0000;1724,7700;0,0000;56,5217;974,8700;2,3000;176;A;2,3;;
241;LIGHT STORE;172;ARANDELA EM METAL C/ VIDRO 1L E-27 230X300X61;249,3500;249,3500;0,0000;0,0000;623,3700;0,0000;59,9997;374,0200;2,5000;169;A;2,5;;
242;TANUSSI;173;AMPLIFICADOR PARA SUBWOOFER;522,0300;522,0300;0,0000;0,0000;1200,7000;0,0000;56,5229;678,6700;2,3000;170;A;2,3;;
252;DIMENLUZ - PEÇAS;175;LUMINÁRIA DE EMBUTIR QUADRADA SLIM;45,1000;45,1000;0,0000;0,0000;112,7500;0,0000;60,0000;67,6500;2,5000;172;A;2,5;;
257;PREÇO ESPECIAL;220;LUMINÁRIA PARA EMBUTIR - DIRECT VIEW 45W 5700;134,9000;134,9000;0,0000;0,0000;323,7600;0,0000;58,3333;188,8600;2,4000;219;A;2,4;140;134,9
257;SAVE ENERGY LAMPADAS;177;LAMP DICROICA MR16 GU10 6W 3000K 36° BIVOLT 5;13,3300;19,1900;0,0000;0,0000;35,1800;0,0000;45,4520;15,9900;2,6400;182;A;1,83;83,3246;19,19
257;SAVE ENERGY PEÇAS;178;PLACA PARA EMBUTIR 400*400 36W 3000K 120º BIV;119,6600;178,2900;0,0000;0,0000;357,7800;0,0000;50,1677;179,4900;2,9900;183;A;2,01;;
274;NOSSA SENHORA;181;POSTE;212,2000;245,5600;0,0000;0,0000;563,8600;0,0000;56,4502;318,3000;2,6600;177;A;2,3;;
275;ILUMINAR FORA DE LIN;182;MAX SPOT D=57X60 MM DICRÓICA 12V 1X35W;46,9000;46,9000;0,0000;0,0000;154,7700;0,0000;69,6970;107,8700;3,3000;178;A;3,3;;
278;FONEPLAN;183;TELA DOUBLESCREEN EM VIDRO 54"  ÁREA DO VIDRO;1286,0000;1286,0000;0,0000;0,0000;2957,8000;0,0000;56,5217;1671,8000;2,3000;179;A;2,3;;
279;FJ ÁUDIO E VIDEO;184;KEYPAD DIGITAL AMPLIFICADO 50W RMS (25+25), B;427,0000;473,9700;0,0000;0,0000;982,1000;0,0000;51,7391;508,1300;2,3000;180;A;2,07;;
305;HOME LIGHT - LAMPADA;186;LAMP DEFLETORA 40W / 127V;7,0000;7,0000;0,0000;0,0000;14,7000;0,0000;52,3810;7,7000;2,1000;184;A;2,1;;
308;ACESSORIO - PREÇO 2;362;SUPORTE LATERAL METÁLICO P/ PERFIL OBLONGO;3,8700;3,8700;0,0000;0,0000;13,9300;0,0000;72,2182;10,0600;3,6000;362;A;3,6;259,9483;3,87
308;PERFIL - PREÇO 2;361;PERFIL ALUMÍNIO EMBUTIR SLIM DIFUSOR LEITOSO;19,4400;23,3300;0,0000;0,0000;73,8700;0,0000;68,4175;50,5400;3,8000;360;A;3,17;216,6309;23,33
308;REVOLED - ACESSORIOS;188;ACABAMENTO PLÁSTICO PARA PERFIL DE ALUMÍNIO D;1,3000;1,3000;0,0000;0,0000;3,9000;0,0000;66,6667;2,6000;3,0000;186;A;3;200;1,3
308;REVOLED - BARRA;428;PERFIL DE ALUMÍNIO DE EMBUTIR DIFUSOR LEITOSO;38,8800;46,6600;0,0000;0,0000;104,9800;0,0000;55,5534;58,3200;2,7000;428;A;2,25;124,9893;46,66
308;REVOLED - PERFIL;187;PERFIL DE ALUMÍNIO DE EMBUTIR DIFUSOR LEITOSO;26,1300;31,3600;0,0000;0,0000;83,6200;0,0000;62,4970;52,2600;3,2000;185;A;2,67;166,6454;31,36
309;LOSCH;189;FITA 3528 60 LEDS/M - IP20 - 3000K 4,8W / M 1;4,9800;4,9800;0,0000;0,0000;10,9500;0,0000;54,5205;5,9700;2,2000;187;A;2,2;119,8795;4,98
309;LOSCH PEÇAS;262;REFLETOR LED RGB C/ CONTROLE 30W;79,8000;79,8000;0,0000;0,0000;199,5000;0,0000;60,0000;119,7000;2,5000;261;A;2,5;;
310;HUNTER TRADE - ARAND;190;ARANDELA RETANGULAR AREA EXTERNA/INTERNA 200X;39,4900;39,4900;0,0000;0,0000;94,7700;0,0000;58,3307;55,2800;2,4000;188;A;2,4;;
311;METAL TECNICA;191;SPOT DE EMBUTIR REDONDO ORIENTAVEL PARA LAMP.;12,0500;8,0900;0,0000;0,0000;21,0400;0,0000;61,5494;12,9500;1,7500;189;A;2,6;;
312;ITAMONTE;192;PLAFON AÇO CROMADO, CRISTAL TRANSLÚCIDO;1617,9000;1766,4200;0,0000;0,0000;4193,2700;0,0000;57,8749;2426,8500;2,5900;190;A;2,37;137,3881;1766,42
320;LIGHT INOX;194;BALIZADOR DE FINCO 1000 LAMP MR16 GU10;51,1700;54,8400;0,0000;0,0000;126,4800;0,0000;56,6414;71,6400;2,4700;192;A;2,31;;
321;DUAL METALURGICA;195;ARANDELA RETANGULAR SOQUETE E27;29,4900;32,0400;0,0000;0,0000;73,3200;0,0000;56,3011;41,2800;2,4900;193;A;2,29;;
325;I9 LED LAMPADAS;196;LAMPADA DICROICA LED GU10 3000K/24º;13,5000;13,5000;0,0000;0,0000;32,4000;0,0000;58,3333;18,9000;2,4000;194;A;2,4;;
330;USARE;197;NUVEM;65,0000;76,0500;0,0000;0,0000;167,0500;0,0000;54,4747;91,0000;2,5700;195;A;2,2;;
333;VIBIA;198;MERIDIANO 1 X LED 7,7W;6060,8200;7818,4600;0,0000;0,0000;16909,6900;;53,7634;9091,2300;2,7900;196;A;2,16;116,279;7818,46
333;VIBIA - SP;399;MERIDIANO 1 X LED 7,7W;6060,8200;7818,4600;0,0000;0,0000;21152,2600;0,0000;63,0372;13333,8000;3,4900;398;A;2,71;170,5425;7818,46
333;VIBIA MAYFAIR - SP;400;WARM WHITE;1906,9400;2459,9500;0,0000;0,0000;5511,0500;0,0000;55,3633;3051,1000;2,8900;399;A;2,24;124,031;2459,95
333;VIBIA MAYFAIR MINI;334;WARM WHITE;1906,9400;2459,9500;0,0000;0,0000;4004,5700;0,0000;38,5714;1544,6200;2,1000;333;A;1,63;62,7907;2459,95
336;OSRAM FORA LINHA - L;199;LAMP DECOSTAR 51 ALU 12V 50W 36;17,1000;17,1000;0,0000;0,0000;35,9100;0,0000;52,3810;18,8100;2,1000;197;A;2,1;;
336;OSRAM FORA LINHA - P;200;LUM MONAVI PRETA;204,1200;204,1200;0,0000;0,0000;510,3000;0,0000;60,0000;306,1800;2,5000;198;A;2,5;;
337;TENSOFLEX;201;;1,0000;1,0000;0,0000;0,0000;1,0000;0,0000;0,0000;0,0000;1,0000;199;A;1;;
338;BRILIA - FORA LINHA;202;INT LAMP LED GU10 DICRÓICA 6W BIV  GU10 38º 3;16,4300;20,2200;0,0000;0,0000;38,3000;0,0000;47,2063;18,0800;2,3300;200;A;1,89;;
338;BRILIA - PEÇAS;203;REFLETOR 30W REFLETOR 30W BIVOLT   120° 3000K;155,0500;198,6200;0,0000;0,0000;431,2000;0,0000;53,9378;232,5800;2,7800;201;A;2,17;;
339;GEO LUZ & CERAMICA;204;ADHARA BRANCO INTERNA;255,9600;255,9600;0,0000;0,0000;588,7000;0,0000;56,5211;332,7400;2,3000;202;A;2,3;;
346;FORA LINHA - FITA;205;FITA 12V 14,4W/M - 12V IP20 72W 2700K;30,8400;44,4100;0,0000;0,0000;78,3300;0,0000;43,3040;33,9200;2,5400;203;A;1,76;;
346;FORA LINHA LAMPADAS;206;AR70 10° DIMERIZÁVEL 7WINCLUSO SOQUETE GU10 B;71,6100;99,5400;0,0000;0,0000;178,3100;0,0000;44,1759;78,7700;2,4900;205;A;1,79;;
346;STELLA FORA DE LINHA;228;PROJETOR PRETO 10W;36,4100;54,2500;0,0000;0,0000;108,8600;0,0000;50,1653;54,6100;2,9900;227;A;2,01;;
347;AMES ILUMINAÇÃO;207;LUMINÁRIA LUZ INDIRETA LAMP DULUX;126,0000;126,0000;0,0000;0,0000;277,2000;0,0000;54,5455;151,2000;2,2000;206;A;2,2;;
353;MAXIMO FORA LINHA;208;EMBUTIDO DE SOLO - P/ CDMR PAR 30;160,0000;180,2100;0,0000;0,0000;420,2100;0,0000;57,1143;240,0000;2,6300;207;A;2,33;;
355;NEW LINE FORA LINHA;209;EMBUTIDO FLAT 1 MINI DICROICA 35W 75X75X65MM;10,5900;13,5400;0,0000;0,0000;30,4800;0,0000;55,5774;16,9400;2,8800;208;A;2,25;;
356;SAVE ENERGY FORA LIN;210;LAMP R7 9W 2700K 360º BIVOLT;45,8100;45,8100;0,0000;0,0000;105,3600;0,0000;56,5205;59,5500;2,3000;209;A;2,3;129,9935;45,81
356;SAVE ENERGY FORA PÇ;211;PAINEL PARA EMBUTIR - QUADRADO 22X22 20W 3000;34,9000;34,9000;0,0000;0,0000;115,1700;0,0000;69,6970;80,2700;3,3000;210;A;3,3;230;34,9
358;BERTOLUCCI FORA LINH;212;KING SIZE NARCISO.PE;4830,0000;2898,0000;0,0000;0,0000;6665,4000;0,0000;56,5217;3767,4000;1,3800;211;A;2,3;;
359;HAVVY;213;SL-9968/H15 CHP;1599,0000;1944,0600;0,0000;0,0000;4339,6800;0,0000;55,2000;2395,6200;2,7100;212;A;2,24;123,5589;1941,18
361;ALTALUCE - LAMPADAS;214;LAMPADA DE FILAMENTO 40W E27 127V;13,0600;13,0600;0,0000;0,0000;30,0300;0,0000;56,5102;16,9700;2,3000;213;A;2,3;;
366;EVOLDE F LINHA PÇ;216;EMB. LED QUAD. 170X170XMM 12W AC85-265V 3000K;45,9000;45,9000;0,0000;0,0000;119,3400;0,0000;61,5385;73,4400;2,6000;215;A;2,6;;
366;EVOLED F LINHA LAMP;215;LED GU10 6W 100-240V 3000K ÂNGULOS AJUSTÁVEIS;16,2500;16,2500;0,0000;0,0000;39,0000;0,0000;58,3333;22,7500;2,4000;214;A;2,4;;
367;LUCCHI - SP;407;DRIVER;152,0000;202,1600;0,0000;0,0000;536,5600;0,0000;62,3229;334,4000;3,5300;407;A;2,65;165,4135;202,16
367;LUCCHI PEÇAS;222;ADT D 270 / L-2;2,4500;3,2600;0,0000;0,0000;6,9300;0,0000;52,9582;3,6700;2,8300;221;A;2,13;112,5767;3,26
368;FEMARTE - SP;410;ARANDELA - EURO;77,7300;84,5900;0,0000;0,0000;255,6000;0,0000;66,9053;171,0100;3,2900;410;A;3,02;202,1634;84,59
368;FEMARTE ILUMINAÇÃO;217;ARANDELA - EURO;77,7300;84,5900;0,0000;0,0000;201,1900;0,0000;57,9552;116,6000;2,5900;216;A;2,38;137,8414;84,59
369;CHANDELIE;218;PENDENTE ATENAS DE VIDRO MURANO TRANSPARENTE;4161,7400;5372,3900;0,0000;0,0000;11615,0000;0,0000;53,7461;6242,6100;2,7900;217;A;2,16;;
371;MECALUX;219;;13,0000;14,2900;0,0000;0,0000;33,7900;0,0000;57,7094;19,5000;2,6000;218;A;2,36;;
372;MOTA SOLDAS;221;PENDENTE REDONDO COM DIÂMETRO DE 1M;445,0000;445,0000;0,0000;0,0000;1335,0000;0,0000;66,6667;890,0000;3,0000;220;A;3;;
378;DISCABOS;223;CABO PP PRETO;1,4600;1,4600;0,0000;0,0000;3,3600;0,0000;56,5476;1,9000;2,3000;222;A;2,3;;
379;FOCO METALLO - SP;384;ARANDELA SPAZIO;194,0000;251,8500;0,0000;0,0000;678,6500;0,0000;62,8896;426,8000;3,5000;383;A;2,69;169,466;251,85
379;FOCO METALLO PEÇAS;224;ARANDELA SPAZIO;194,0000;251,8500;0,0000;0,0000;519,2500;0,0000;51,4974;267,4000;2,6800;223;A;2,06;106,1743;251,85
380;J YAZBEK INDS E COM;227;SUBWOOFER ATIVO 8;1485,6200;1649,0400;0,0000;0,0000;3134,6600;0,0000;47,3933;1485,6200;2,1100;226;A;1,9;;
381;ALLOY ILUMINAÇÃO;226;BALIZADOR LED;100,0200;100,0200;0,0000;0,0000;250,0500;0,0000;60,0000;150,0300;2,5000;225;A;2,5;150;100,02
381;ALLOY ILUMINAÇÃO/SP;401;BALIZADOR LED;100,0200;100,0200;0,0000;0,0000;320,0600;0,0000;68,7496;220,0400;3,2000;401;A;3,2;219,996;100,02
394;BIANCO LUCE;230;AC205P;110,0000;107,7300;0,0000;0,0000;246,3300;0,0000;56,2660;138,6000;2,2400;229;A;2,29;;
401;FILLAMENTO PREÇO 2;365;ADA PINTURA PRETA;1673,0000;1673,0000;0,0000;0,0000;4600,7500;0,0000;63,6400;2927,7500;2,7500;364;A;2,75;175;1673
401;FILLAMENTO SEM MARGE;242;UFO AR|PL | PQ |;1180,0000;1180,0000;0,0000;0,0000;2950,0000;0,0000;60,0000;1770,0000;2,5000;241;A;2,5;150;1180
401;FORNECEDOR FABRICA;232;ABAJUR MAR MINI;960,0000;960,0000;0,0000;0,0000;960,0000;0,0000;0,0000;0,0000;1,0000;231;A;1;0;960
407;OMEGA LIGHT;233;PD-5232 - PENDENTE O'LED EM ALUMÍNIO EXTRUDAD;784,0800;980,1000;0,0000;0,0000;2156,2200;0,0000;54,5455;1176,1200;2,7500;232;A;2,2;;
413;ACEND - SP;377;AR MOSCOU EXT/INT LED 3 FACHOS LED INTEGRADO;153,0000;165,9400;0,0000;0,0000;502,5400;0,0000;66,9797;336,6000;3,2800;376;A;3,03;202,8444;165,94
413;ACEND ILUMINAÇÃO;235;03493;171,0000;185,4700;0,0000;0,0000;441,9700;0,0000;58,0356;256,5000;2,5800;234;A;2,38;138,2973;185,47
414;MISTER LED FORA LINH;236;ARANDELA LINEA P 3W;113,0000;123,2600;0,0000;0,0000;281,4600;0,0000;56,2069;158,2000;2,4900;235;A;2,28;;
415;MANTRA FORA LINHA;237;ARANDELA VD LEITOSO 1L E-27;126,5000;126,5000;0,0000;0,0000;328,9000;0,0000;61,5385;202,4000;2,6000;236;A;2,6;;
431;NEW LINE IMPORTS PÇS;240;ARANDELA VAGUE METAL/CR CRISTAL K9 1X69 22X10;121,7000;155,5900;0,0000;0,0000;362,4800;0,0000;57,0763;206,8900;2,9800;239;A;2,33;;
433;PUNTOLUCE;241;PENDENTE ANELLO 100CM EM METAL PINTURA LIQUID;2850,7500;2850,7500;0,0000;0,0000;6841,8000;0,0000;58,3333;3991,0500;2,4000;240;A;2,4;;
435;PÇ;243;REFLETOR SUBAQUÁTICO INOX MACIÇO 5W – 5V – FA;340,0000;340,0000;0,0000;0,0000;748,0000;0,0000;54,5455;408,0000;2,2000;242;A;2,2;;
438;POWER LUME - FONTE;246;FONTE DE ALIMENTAÇÃO DE 12VCC, 12W, 1A - ALIM;48,1500;55,8500;0,0000;0,0000;123,2600;0,0000;54,6893;67,4100;2,5600;245;A;2,21;120,6983;55,85
438;POWER LUME - PAISAGI;245;ARANDELA BALIZADORA PEQUENA 3W IP65 2700K;187,0000;162,6900;0,0000;0,0000;359,0400;0,0000;54,6875;196,3500;1,9200;244;A;2,21;120,6897;162,69
438;POWER LUME - PROFILE;244;LUMINÁRIA SOBREPOR 18W/M - SISTEMA DE FIXAÇÃO;140,0000;170,4500;0,0000;0,0000;268,8000;0,0000;36,5885;98,3500;1,9200;243;A;1,58;57,7002;170,45
438;POWER LUME SP;405;LUMINARIA;150,0000;164,6300;0,0000;0,0000;422,6200;0,0000;61,0454;257,9900;2,8200;405;A;2,57;156,709;164,63
440;OLD ARTISAN - SP;372;PENDENTE 6L;410,0000;492,2900;0,0000;0,0000;1394,2900;0,0000;64,6924;902,0000;3,4000;371;A;2,83;183,2253;492,29
440;OLD ARTISAN ILUMINAÇ;247;PENDENTE 6L;410,0000;492,2900;0,0000;0,0000;1061,1600;0,0000;53,6083;568,8700;2,5900;246;A;2,16;;
442;DUE LUCI;320;ABAJUR ALUMÍNIO ARTICULADO;346,0000;375,2700;0,0000;0,0000;938,1700;0,0000;60,0000;562,9000;2,7100;319;A;2,5;;
449;INOV9 ILUMINAÇÃO;249;BEDD 10" POLIDO;5,5000;6,0400;0,0000;0,0000;14,2900;0,0000;57,7327;8,2500;2,6000;248;A;2,37;;
452;SUNNY;250;POSTE TELECONICO RETO DE ENGASTAR;549,0000;549,0000;0,0000;0,0000;1372,5000;0,0000;60,0000;823,5000;2,5000;249;A;2,5;;
453;DRAMALUX FORA DE LIN;251;MINI BALIZADOR TRIANGULAR HALOPIN 77X110MM C/;37,7800;41,1100;0,0000;0,0000;94,4500;0,0000;56,4700;53,3400;2,5000;250;A;2,3;;
455;INTERLIGHT FORA DE L;252;BALIZADOR 0,45W BIVOLT IP66 - MODELO ANTIGO;42,0000;55,8600;0,0000;0,0000;102,0600;0,0000;45,2675;46,2000;2,4300;251;A;1,83;;
457;IMPORT MESA E PISO;256;;295,0000;361,2600;0,0000;0,0000;803,7600;0,0000;55,0537;442,5000;2,7200;254;A;2,22;122,488;361,26
457;IMPORTADA TETO PARED;255;;325,0000;399,1700;0,0000;0,0000;886,6700;0,0000;54,9810;487,5000;2,7300;258;A;2,22;122,1284;399,17
457;NACIONAL MESA E PISO;254;;295,0000;337,6600;0,0000;0,0000;780,1600;0,0000;56,7191;442,5000;2,6400;253;A;2,31;131,049;337,66
457;NACIONAL TETO E PARE;253;;295,0000;338,7200;0,0000;0,0000;781,2200;0,0000;56,6422;442,5000;2,6500;252;A;2,31;;
462;DIREÇÃO DA LUZ FORA;257;901;174,8900;216,2500;0,0000;0,0000;461,0900;0,0000;53,1003;244,8400;2,6400;255;A;2,13;;
463;PIULUCCE FORA DE LIN;258;ARANDELA;261,0400;284,5300;0,0000;0,0000;676,0900;0,0000;57,9154;391,5600;2,5900;256;A;2,38;;
464;G.D.E;260;MÓDULO LEDS MID POWER 2835 - 4000K;29,0000;29,5800;0,0000;0,0000;70,1800;0,0000;57,8512;40,6000;2,4200;259;A;2,37;;
468;CITILUX;263;PLAFON CITILUX 4XE27;30,0000;30,0000;0,0000;0,0000;63,0000;0,0000;52,3810;33,0000;2,1000;262;A;2,1;;
471;ABALUX FORA DE LINHA;265;LUMINARIA;81,7900;108,7800;0,0000;0,0000;198,7400;0,0000;45,2652;89,9600;2,4300;263;A;1,83;;
473;ALTENA SPOT FORA LIN;266;LSA09292;98,8200;62,3400;0,0000;0,0000;131,5200;0,0000;52,6004;69,1800;1,3300;264;A;2,11;;
481;DSGNSELO;267;LUMINÁRIA PENDENTE PARA ILUMINAÇÃO DIFUSA;1932,0000;1932,0000;0,0000;0,0000;1932,0000;0,0000;0,0000;0,0000;1,0000;265;A;1;0;1932
481;DSGNSELO MARGEM APLI;298;ASTER SOLO PENDENTE BRANCO;840,6800;840,6800;0,0000;0,0000;1933,5600;0,0000;56,5216;1092,8800;2,3000;296;A;2,3;129,9995;840,68
481;DSGNSELO PREÇO 2;354;CYLI PAREDE 2_744 X 170 X 919 MM_2 X LED 6W 4;3329,0000;3329,0000;0,0000;0,0000;10652,8000;0,0000;68,7500;7323,8000;3,2000;354;A;3,2;220;3329
484;LIGHT IMPORT;268;PENDENTE + CUPULA;817,9200;817,9200;0,0000;0,0000;2044,8000;0,0000;60,0000;1226,8800;2,5000;266;A;2,5;;
485;IDEAL ILUMINAÇÃO;269;ARANDELA COLONIAL QUADRADA MÉDIA, 01 E-27, L-;49,0000;53,1500;0,0000;0,0000;137,6000;0,0000;61,3735;84,4500;2,8100;267;A;2,59;158,8899;53,15
486;CONTROLE;273;CONTROLE DE PAREDE VELOCIDADE/ILUMINAÇÃO 120V;75,2300;104,2500;0,0000;0,0000;187,0000;0,0000;44,2513;82,7500;2,4900;271;A;1,79;;
486;ILUMINAÇÃO;272;PLAFON KL LUNA REDONDO 2X15W E27  BRANCO  KA;73,5900;86,7900;0,0000;0,0000;167,7400;0,0000;48,2592;80,9500;2,2800;270;A;1,93;93,2711;86,79
486;VENTILADOR;271;VENTILADOR BATALIE BREEZE, BRONZE VENEZA,  52;1244,4900;1619,5800;0,0000;0,0000;2988,5200;0,0000;45,8066;1368,9400;2,4000;269;A;1,85;84,5244;1619,58
488;CABOS 2,4;274;CABO PP COM ALMA;2,0000;2,0000;0,0000;0,0000;4,8000;0,0000;58,3333;2,8000;2,4000;272;A;2,4;;
490;TOM LUZ - SP;417;PENDENTE LUCE CÔNICO;548,0000;637,8700;0,0000;0,0000;1843,4700;0,0000;65,3984;1205,6000;3,3600;417;A;2,89;189,004;637,87
490;TOM LUZ PÇ;275;PENDENTE LUCE CÔNICO;548,0000;637,8700;0,0000;0,0000;1459,8700;0,0000;56,3064;822,0000;2,6600;273;A;2,29;;
492;YPE;276;ATIVO MOBILIZADO;156,2800;156,2800;0,0000;0,0000;156,2800;0,0000;0,0000;0,0000;1,0000;274;A;1;;
493;EKLART FONTE - SP;395;0000800-EK1190DIMF-12V-127V;262,5000;262,5000;0,0000;0,0000;735,0000;0,0000;64,2857;472,5000;2,8000;394;A;2,8;180;262,5
493;EKLART LED PEÇAS;280;CONECTOR EM "I" DO EKPF61-EKPF62CI;6,0000;6,0000;0,0000;0,0000;25,8000;0,0000;76,7442;19,8000;4,3000;278;A;4,3;330;6
493;EKLART PEÇAS - SP;394;CONECTOR EM "I" DO EKPF61-EKPF62CI;6,0000;6,0000;0,0000;0,0000;31,2000;0,0000;80,7692;25,2000;5,2000;393;A;5,2;420;6
493;FONTE;278;0000800-EK1190DIMF-12V-127V;262,5000;262,5000;0,0000;0,0000;603,7500;0,0000;56,5217;341,2500;2,3000;276;A;2,3;130;262,5
495;FILLAMENTO PÇS ESPEC;279;BACIA TAVARES PRETO | PRATA 3;326,0000;326,0000;0,0000;0,0000;815,0000;0,0000;60,0000;489,0000;2,5000;277;A;2,5;;
498;VIVENDI;282;PENDENTE 2063-1W CROMADO 691X40W;119,0000;148,7500;0,0000;0,0000;327,2500;0,0000;54,5455;178,5000;2,7500;280;A;2,2;;
506;ITAIM;283;LUMINARIA QUADRADA COM LED;296,7900;350,2100;0,0000;0,0000;765,7100;0,0000;54,2634;415,5000;2,5800;281;A;2,19;;
509;PLANTEC DISTRIBUIDOR;284;ROTEADOR WIRELESS CORPORATIVO AP 360 - INTELB;349,9000;349,9000;0,0000;0,0000;699,8000;0,0000;50,0000;349,9000;2,0000;282;A;2;;
511;DIRECTLIGHT;285;DL 13A SPOTLED 1 JARDIM;104,7700;115,1400;0,0000;0,0000;272,2900;0,0000;57,7142;157,1500;2,6000;283;A;2,36;136,486;115,14
511;DIRECTLIGHT - SP;398;DL 13A SPOTLED 1 JARDIM;104,7700;115,1400;0,0000;0,0000;345,6300;0,0000;66,6869;230,4900;3,3000;397;A;3;200,1824;115,14
513;TRON REFRIGERAÇÃO E;289;VENT OSCILANTE PAREDE 127V 60CM;141,7300;157,5500;0,0000;0,0000;327,6200;0,0000;51,9108;170,0700;2,3100;287;A;2,08;;
516;AMCP ELETRONICA;286;AMPLIFICADOR AVANÇADO 6;3073,0000;3073,0000;0,0000;0,0000;3073,0000;0,0000;0,0000;0,0000;1,0000;284;A;1;;
521;ESTABLISHED;287;S5 BUNCH L1400 220/240V - BLACK;8800,0000;8800,0000;0,0000;0,0000;17600,0000;0,0000;50,0000;8800,0000;2,0000;285;A;2;;
522;MB DECOR;288;PENDENTE PALLO E27 BRONZE;180,0000;263,9200;0,0000;0,0000;533,9200;0,0000;50,5694;270,0000;2,9700;286;A;2,02;;
524;AUT DECOR 2;343;;31168,9900;31168,9900;0,0000;0,0000;84156,2300;0,0000;62,9629;52987,2400;2,7000;342;A;2,7;169,9999;31168,99
524;AUT. DECOR;337;;18601,8800;21849,7700;0,0000;0,0000;47706,3800;0,0000;54,1995;25856,6100;2,5600;336;A;2,18;118,3381;21849,77
524;AUTORIZADO DECOR;290;CUBANO – WALL LAMP;5530,0000;5530,0000;0,0000;0,0000;13825,0000;0,0000;60,0000;8295,0000;2,5000;288;A;2,5;150;5530
527;WENTZ - SP;383;LUMINÁRIA ADOBE 24X24X180CMN PRETO;3760,0000;3760,0000;0,0000;0,0000;4512,0000;0,0000;16,6667;752,0000;1,2000;382;A;1,2;20;3760
527;WENTZ ILUMINAÇÃO;294;LUMINÁRIA ADOBE 24X24X180CMN PRETO;3760,0000;3760,0000;0,0000;0,0000;3760,0000;0,0000;0,0000;0,0000;1,0000;292;A;1;0;3760
531;SMALTI AMBIENTES;291;LUMINARIA GONNA;170,0000;170,0000;0,0000;0,0000;425,0000;0,0000;60,0000;255,0000;2,5000;289;A;2,5;;
534;NEW LINE BLACK;297;EMBUTIDO FIT 40 LED COM 4 FOCOS 10 GRAUS 20W;292,8400;292,8400;0,0000;0,0000;746,7500;0,0000;60,7847;453,9100;2,5500;295;A;2,55;;
540;BONVENON - LOJA ELET;300;PENDENTE BV GOCCIA;841,5100;841,5100;0,0000;0,0000;2103,7700;0,0000;59,9999;1262,2600;2,5000;298;A;2,5;;
541;USINA DESIGN - SP;396;CONEXÃO TRIO "Y" (3 SAIDA PARA T8);96,5100;122,9900;0,0000;0,0000;335,3200;0,0000;63,3216;212,3300;3,4700;395;A;2,73;172,6401;122,99
541;USINA PEÇAS;302;CONEXÃO TRIO "Y" (3 SAIDA PARA T8);96,5100;122,9900;0,0000;0,0000;267,7500;0,0000;54,0654;144,7600;2,7700;300;A;2,18;117,7006;122,99
543;TELA TENSIONADA TRAN;303;TELA TENSIONADA TRANSLUCIDA, PERFIS DE ALUMIN;1,0000;1,0000;0,0000;0,0000;1,0000;0,0000;0,0000;0,0000;1,0000;301;A;1;0;1
545;BELLA ITALIA - SP;381;CONECTUS SOBREPOR BARRA DE 50 CM;54,5700;67,9800;0,0000;0,0000;188,0300;0,0000;63,8462;120,0500;3,4500;380;A;2,77;176,5961;67,98
545;BELLA ITALIA PÇ;304;CONECTUS SOBREPOR BARRA DE 50 CM;54,5700;67,9800;0,0000;0,0000;149,8300;0,0000;54,6286;81,8500;2,7500;302;A;2,2;120,4031;67,98
555;MARGEM 2,2;305;PITANGA REAL PENDENTE P 28 X 42 X 42;1540,0000;1670,9000;0,0000;0,0000;4288,9000;0,0000;61,0413;2618,0000;2,7800;303;A;2,57;;
556;PREÇO REVENDA;306;PENDENTE BOLA 1,00D X 0,80;1180,0000;1180,0000;0,0000;0,0000;2950,0000;0,0000;60,0000;1770,0000;2,5000;304;A;2,5;;
557;ADENILSA CIPÓ;307;PENDENTE PESC COMPRIDO;237,0000;237,0000;0,0000;0,0000;592,5000;0,0000;60,0000;355,5000;2,5000;305;A;2,5;;
558;INOVVA - SP;406;KIT NOITE ESTRELADA 200 PONTOS RGB;480,0000;480,0000;0,0000;0,0000;1200,0000;0,0000;60,0000;720,0000;2,5000;406;A;2,5;150;480
558;INOVVA INTERIORES LT;308;KIT NOITE ESTRELADA 200 PONTOS RGB;480,0000;480,0000;0,0000;0,0000;960,0000;0,0000;50,0000;480,0000;2,0000;306;A;2;100;480
561;FRONTIER IMPORTADORA;309;FPN192CH-12+6 LUSTRE DE CRISTAL (BACARAH) 110;6880,0000;8737,6000;0,0000;0,0000;19745,6000;0,0000;55,7491;11008,0000;2,8700;307;A;2,26;;
565;LUMINÁRIAS NOGUEIRA;310;LUMINARIA ESPETO 01 EM ALUMINIO;3900,0000;4229,9400;0,0000;0,0000;10574,8500;0,0000;60,0000;6344,9100;2,7100;308;A;2,5;;
567;LUMINATTI;311;LAMPADA VELA LEITOSA 6W 6000K;13,3000;19,5500;0,0000;0,0000;42,0900;0,0000;53,5519;22,5400;3,1600;309;A;2,15;;
576;ROTOPLANETA;312;MI SOLEIL LUM. DE CHAO 600MM - 1E27;645,0000;709,5000;0,0000;0,0000;1773,7500;0,0000;60,0000;1064,2500;2,7500;310;A;2,5;;
578;STUDIOLUCE - PREÇO 2;351;TRILHO ULTRA SLIM 48V 1M PRET0;33,8100;42,9400;0,0000;0,0000;103,7989;0,0000;58,6320;60,8600;3,0700;349;A;2,42;141,7327;42,94
578;STUDIOLUCE ILUMINACA;315;PENDENTE ZAVO LED 13;886,7000;1133,5600;0,0000;0,0000;2552,2800;0,0000;55,5864;1418,7200;2,8800;313;A;2,25;125,1561;1133,56
585;PD LED;316;PERFIL LINEAR DE SOBREPOR 5CM;344,5500;394,3700;0,0000;0,0000;985,9200;0,0000;59,9998;591,5500;2,8600;315;A;2,5;;
591;VIA - SP;389;EMBUTIDO REDONDO COM BORDA PARA LED/GU10;72,0000;72,0000;0,0000;0,0000;79,2000;0,0000;9,0909;7,2000;1,1000;388;A;1,1;10;72
591;VIA HF;350;EMBUTIDO REDONDO COM BORDA PARA LED/GU10;72,0000;72,0000;0,0000;0,0000;72,0000;0,0000;0,0000;0,0000;1,0000;348;A;1;0;72
591;VIA HF / SP;368;LUM QUADRADA DE EMBUTIR FOCO FIXO COM BORDA P;19,3500;19,3500;0,0000;0,0000;106,4300;0,0000;81,8190;87,0800;5,5000;367;A;5,5;450,0258;19,35
591;VIA HF IMPORTAÇÃO;330;LUM QUADRADA DE EMBUTIR FOCO FIXO COM BORDA P;19,3500;19,3500;0,0000;0,0000;96,7500;0,0000;80,0000;77,4000;5,0000;329;A;5;400;19,35
591;VIA HF MARGEM 6;332;LUM REDONDA DE EMBUTIR SEM BORDA PARA LAMPADA;28,0400;28,0400;0,0000;0,0000;168,2400;0,0000;83,3333;140,2000;6,0000;331;A;6;500;28,04
606;NATURAL LIGTH;321;GIRASSOL 22 X 80 CM;2390,0000;2533,4000;0,0000;0,0000;6118,4000;0,0000;58,5938;3585,0000;2,5600;320;A;2,42;;
631;ATTIMO - SP;397;PENDENTE PINHA PRETO (E27);230,9200;264,3100;0,0000;0,0000;772,3400;0,0000;65,7780;508,0300;3,3400;396;A;2,92;192,2099;264,31
631;ATTIMO ILUMINACAO;322;PENDENTE PINHA PRETO (E27);230,9200;264,3100;0,0000;0,0000;610,6900;0,0000;56,7194;346,3800;2,6400;321;A;2,31;131,0507;264,31
634;ALPERTONE;323;SKY68 - MANG NEON LEDLINE FLEX DE SILICONE;1568,5000;2228,5300;0,0000;0,0000;3953,8800;0,0000;43,6369;1725,3500;2,5200;322;A;1,77;;
634;ALPERTONE - SP;431;FITA;28,0000;39,7800;0,0000;0,0000;76,4600;0,0000;47,9728;36,6800;2,7300;431;A;1,92;92,2071;39,78
642;3D LED;324;FONTE 12V 2.0A 24W SLIM;26,9000;29,4700;0,0000;0,0000;64,4400;0,0000;54,2675;34,9700;2,4000;323;A;2,19;118,663;29,47
642;3D LED SP;349;FONTE 12V 2.0A 24W SLIM;26,9000;29,4700;0,0000;0,0000;69,8200;0,0000;57,7915;40,3500;2,6000;347;A;2,37;136,9189;29,47
659;MADELUSTRE PÇS;325;PENDENTE NUTS DIAM.52 CASTANHO;2255,0000;1563,5200;0,0000;0,0000;3236,7300;0,0000;51,6945;1673,2100;1,4400;324;A;2,07;107,0156;1563,52
661;ABAJÚ;326;LINHA LIMA DIÂ =30 CM , AL =20 CM;899,0000;1195,6700;0,0000;0,0000;2407,0700;0,0000;50,3300;1211,4000;2,6800;325;A;2,1;109,5893;1148,47
673;PIX;328;LUMINARIA LUTZ DELTA;1534,9500;2173,4900;0,0000;0,0000;4401,4700;0,0000;50,6190;2227,9800;2,8700;327;A;2,03;102,507;2173,49
673;PIX FONTES;346;FONTE DE 100W 24V;33,1300;44,7200;0,0000;0,0000;87,7900;0,0000;49,0603;43,0700;2,6500;345;A;1,96;96,3104;44,72
673;PIX FONTES - SP;418;FONTE DE 100W 24V;33,1300;44,3500;0,0000;0,0000;103,9800;0,0000;57,3476;59,6300;3,1400;418;A;2,34;134,4532;44,35
682;LA LUNE PEÇA;329;LUMINARIA START;1700,0000;1700,0000;0,0000;0,0000;4080,0000;0,0000;58,3333;2380,0000;2,4000;328;A;2,4;140;1700
686;DI LUCE;331;LUMINARIAS;1612,0000;2079,4800;0,0000;0,0000;4030,0000;0,0000;48,4000;1950,5200;2,5000;330;A;1,94;93,7984;2079,48
686;DI LUCE - SP;414;PENDENTE FLAMINGO;1992,0000;2569,6800;0,0000;0,0000;6952,0800;0,0000;63,0372;4382,4000;3,4900;414;A;2,71;170,5426;2569,68
701;BELLA LUCE;333;LUMINARIA EMBUTIDA;62,5300;62,5300;0,0000;0,0000;169,5600;0,0000;63,1222;107,0300;2,7100;332;A;2,71;171,1658;62,53
704;DESSINE;335;;1200,0000;1344,0000;0,0000;0,0000;3144,0000;0,0000;57,2519;1800,0000;2,6200;334;A;2,34;133,9286;1344
710;LIGHT;338;;3671,4900;3671,4900;0,0000;0,0000;3671,4900;0,0000;0,0000;0,0000;1,0000;337;A;1;0;3671,49
718;LUXION;339;ANNA ARANDELA 5W 2700K DOURADO BIV;753,0900;826,5200;0,0000;0,0000;2031,4600;0,0000;59,3100;1204,9400;2,7000;338;A;2,46;145,7847;826,52
718;LUXION - SP;390;ANNA ARANDELA;753,0900;826,5200;0,0000;0,0000;2483,3200;0,0000;66,7171;1656,8000;3,3000;389;A;3;200,4549;826,52
730;DRESSALL;344;;2800,0000;2800,0000;0,0000;0,0000;7000,0000;0,0000;60,0000;4200,0000;2,5000;343;A;2,5;150;2800
747;ALISEU;345;VENTILADOR VIME;1454,3000;1454,3000;0,0000;0,0000;3635,7500;0,0000;60,0000;2181,4500;2,5000;344;A;2,5;150;1454,3
785;LIGHT DESIGN;348;CONECTA PROJETOR;836,4500;918,0000;0,0000;0,0000;2089,0300;0,0000;56,0562;1171,0300;2,5000;346;A;2,28;127,5632;918
785;LIGHT DESIGN - SP;387;CONECTA PROJETOR;836,4500;918,0000;0,0000;0,0000;2758,1900;0,0000;66,7173;1840,1900;3,3000;400;A;3;200,4564;918
801;NORDECOR;369;ARANDELA MUSCHE 3*E14 OURO BRILHO;566,3400;566,3400;0,0000;0,0000;1415,8500;0,0000;60,0000;849,5100;2,5000;368;A;2,5;150;566,34
801;NORDECOR - SP;370;ARANDELA MUSCHE 3*E14 OURO BRILHO;566,3400;566,3400;0,0000;0,0000;1812,2900;0,0000;68,7500;1245,9500;3,2000;369;A;3,2;220,0004;566,34
804;SKYLIGHT;376;PENDENTE ÔTAKI Ø40CM RATTAN -3 METROS DE CABO;410,3000;508,3600;0,0000;0,0000;1123,8100;0,0000;54,7646;615,4500;2,7400;375;A;2,21;121,0658;508,36
805;SINDORA;380;PENDENTE BORBOLETA;220,0000;220,0000;0,0000;0,0000;550,0000;0,0000;60,0000;330,0000;2,5000;379;A;2,5;150;220
808;MARILENA G;385;ARANDELA JULIETA | PINTURA ELETROSTÁTICA | JO;458,0000;496,7500;0,0000;0,0000;1183,7500;0,0000;58,0359;687,0000;2,5800;384;A;2,38;138,2989;496,75
828;GAYA LAMPADAS;402;FITA HIPER BRILHO 20W/M 4000K 12V 2200 LÚ;21,9200;17,5400;0,0000;0,0000;38,5900;0,0000;54,5478;21,0500;1,7600;402;A;2,2;120,0114;17,54
830;LUMITEK;404;MINI SENSOR DE PRESENÇA;117,5200;128,9800;0,0000;0,0000;293,5100;0,0000;56,0560;164,5300;2,5000;404;A;2,28;127,5624;128,98
846;NEWSTANDARD;408;PERFIL L INEAR D E EMBUTIR F IT25;51,1100;65,3400;0,0000;0,0000;144,5600;0,0000;54,8008;79,2200;2,8300;408;A;2,21;121,2427;65,34
846;NEWSTANDARD - SP;416;PERFIL L INEAR D E EMBUTIR F IT25;51,1100;65,3400;0,0000;0,0000;170,6223;0,0000;61,7044;105,2800;3,3400;416;A;2,61;161,1264;65,34
847;BH ILUMINAÇÃO;411;PENDENTE MEIA BOLA;1037,0000;1133,7500;0,0000;0,0000;2689,2500;0,0000;57,8414;1555,5000;2,5900;411;A;2,37;137,1996;1133,75
849;GMH TRADE;413;PENDENT BLACK MOON;90,8400;90,8400;0,0000;0,0000;227,1000;0,0000;60,0000;136,2600;2,5000;413;A;2,5;150;90,84
850;INTERLUX;415;ABAJOUR LINHA DOLCEZZA;162,0000;176,8700;0,0000;0,0000;419,8700;0,0000;57,8751;243,0000;2,5900;415;A;2,37;137,389;176,87
856;ZIEL 1;421;TRILHO ELETROMAGNET ZT05 24V;177,0000;207,0900;0,0000;0,0000;561,0900;0,0000;63,0915;354,0000;3,1700;421;A;2,71;170,9402;207,09
856;ZIEL 2;422;TRILHO ELETROMAGNET ZT05 24V;177,0000;215,5000;0,0000;0,0000;569,5000;0,0000;62,1598;354,0000;3,2200;422;A;2,64;164,2691;215,5
856;ZIEL 3;423;TRILHO ELETROMAGNET ZT05 24V;177,0000;204,8800;0,0000;0,0000;558,8800;0,0000;63,3410;354,0000;3,1600;423;A;2,73;172,7841;204,88
861;OPUS;424;DIRECIONAL IRC>80;10,9000;10,9000;0,0000;0,0000;26,1600;0,0000;58,3333;15,2600;2,4000;424;A;2,4;140;10,9
861;OPUS - SP;425;DIRECIONAL IRC>80;10,9000;10,9000;0,0000;0,0000;28,7800;0,0000;62,1300;17,8800;2,6400;425;A;2,64;164,0367;10,9
863;CUPULAS GUERRA;427;CUPULA ALGODÃO CRU 15X15;28,0000;28,0000;0,0000;0,0000;84,0000;0,0000;66,6667;56,0000;3,0000;427;A;3;200;28
875;M FERREIRA;429;PENDENTE;850,0000;921,9100;0,0000;0,0000;2196,9100;0,0000;58,0361;1275,0000;2,5800;429;A;2,38;138,2998;921,91
