id;idPai;Caption;NomeMenu;idApresentacao;SisOpcoes_paises;SisOpcoes_Sistema;MenuWeb
1;1;Tabelas;abelas1;15;1,2;1,2,3,4;True
2;165;----------> Acabamentos;mFrmgrid_acabamentos;199;1,2;1,2,3,4;False
3;1;-----> Ambientes;mFrmGrid_Ambientes;45;1,2;1,2,3,4;False
4;189;----------> Unidades da Federação;mFrmGrid_estado;50;1,2;1,2,3,4;False
5;189;----------> Municípios;mFrmgrid_municipios;51;1,2;1,2,3,4;False
6;1;-----> Profissões;mFrmgrid_profissoes;90;1,2;1,2,3,4;False
7;1;-----> Cobrança de Projetos;mFrmCob_projeto;105;1,2;1,2,3,4;False
8;1;-----> Condições de Pgtos/Recebtos;mnfin;120;1,2;1,2,3,4;False
9;163;----------> Condições de Venda de Produtos;mfrmgrid_forma_pagamento;188;1,2;1,2,3,4;False
10;163;----------> Condições de Pgtos/Recebtos para Módulo Financeiro;mFrmGrid_forma_pag_fin;189;1,2;1,2,3,4;False
11;165;----------> Unidades;mFrmGrid_Unidade;198;1,2;1,2,3,4;False
12;1;-----> Motivos;mfrmGrid_MotivoDevolucao;180;1,2;1,2,3,4;False
13;163;----------> Agências;mFrmgrid_BancoCaixa;183;1,2;1,2,3,4;False
14;163;----------> Contas Bancárias;mFrmgrid_Contas;184;1,2;1,2,3,4;False
15;163;----------> Caixas;mFrmGrid_Cadcaixa;185;1,2;1,2,3,4;False
16;163;----------> Tipos de Documentos;mFrmgrid_TipoDocumento;186;1,2;1,2,3,4;False
17;163;----------> Modos de Pgtos/Recebtos;mFrmGrid_doc_pag;187;1,2;1,2,3,4;False
18;1;-----> Mensagens;mFrmGrid_messagem_rel;270;1,2;1,2,3,4;False
19;19;Cadastros;Cadastros1;300;1,2;1,2,3,4;True
20;19;-----> Clientes;mfrmgrid_Clientes;315;1,2;1,2,3,4;True
21;19;-----> Fornecedores;mfrmGrid_Fornecedores;330;1,2;1,2,3,4;False
22;19;-----> Profissional Externo;mfrmGrid_Indicacoes;345;1,2;1,2,3,4;True
23;19;-----> Colaboradores;mfrmgrid_Funcionario;360;1,2;1,2,3,4;True
24;19;-----> Transportadoras;mfrmGrid_Transportadora;375;1,2;1,2,3,4;False
25;19;-----> Serviços;mFrmGrid_servicos;390;1,2;1,2,3,4;False
26;19;-----> Custo;mFrmGrid_custo;405;1,2;1,2,3,4;False
27;19;-----> Índice de Vl. de Venda;mFrmGrid_Indice;420;1,2;1,2,3,4;False
28;19;-----> Produtos;Produtos;435;1,2;1,2,3,4;False
29;28;----------> Banco Principal;mFrmGrid_Produtos;450;1,2;1,2,3,4;False
30;28;----------> Banco de Produtos;mREP0_FrmGrid_Produtos;465;1,2;1,2,3,4;False
31;28;----------> Alteração de produto relacionado;mFrmproduto_relacionado_baseado;480;1,2;1,2,3,4;False
32;19;-----> Empresa;mFrmEmpresa;495;1,2;1,2,3,4;False
33;19;-----> Centro de Custo;mFrmgrid_CentroCustos;510;1,2;1,2,3,4;False
34;19;-----> Plano de  Contas;mFrmgrid_PlanoContas;525;1,2;1,2,3,4;False
35;19;-----> Filiais;mFrmgrid_filial;540;1,2;1,2,3,4;False
36;36;Vendas;Emisso1;555;1,2;1,2,3,4;True
37;36;-----> Pasta;mFrmGridPastaProj;570;1,2;1,2,3,4;False
38;36;-----> Orçamento;mVEN0_FrmGridVenda;585;1,2;1,2,3,4;True
39;36;-----> Pedido de Venda;mVEN1_FrmGridVenda;600;1,2;1,2,3,4;False
145;88;----------> Aniversariantes;mfrmSelRelAniversariantes;1545;1,2;1,2,3,4;False
41;36;-----> Devolução de Venda;mFrmGridDevolucao;615;1,2;1,2,3,4;False
281;85;----------> Estoque Atual e Físico por data;mFrmSelRelEstoqueData;1457;1,2;1,2,3,4;False
44;44;Compras;Compras1;675;1,2;1,2,3,4;True
45;44;-----> Pedido;mFrmGrid_pedido_compra;690;1,2;1,2,3,4;False
46;44;-----> Ordem;mFrmGrid_ordem_compra;705;1,2;1,2,3,4;False
47;44;-----> Nota de Entrada;mFrmGrid_nota_entrada;720;1,2;1,2,3,4;False
48;48;Movimentação;Movimentao1;780;1,2;1,2,3,4;True
49;48;-----> Controle de Entrega;mFrmgrid_controle_entrega;795;1,2;1,2,3,4;False
146;55;-----> Controle de acerto com eletricista;mfrmGridAcertoEletrecistas;1110;1,2;1,2,3,4;False
51;48;-----> Estoque;Estoque1;810;1,2;1,2,3,4;False
52;51;----------> Consulta;mFrmConsulta_estoque;825;1,2;1,2,3,4;False
53;51;----------> Lançamento;mFrmGrid_lancest;840;1,2;1,2,3,4;False
54;48;-----> Transferência para Filial;mFrmGrid_Transf_filiais;855;1,2;1,2,3,4;False
55;55;Financeiro;Financeiro1;870;1,2;1,2,3,4;True
56;55;-----> Contas a Pagar;ContasaPagar1;885;1,2;1,2,3,4;False
57;56;----------> Lançamento;mFrmGridContas_apagar;900;1,2;1,2,3,4;False
58;55;-----> Contas a Receber;ContasaReceber1;915;1,2;1,2,3,4;False
59;58;----------> Lançamentos;mFrmGridContas_receber;930;1,2;1,2,3,4;False
60;55;-----> Caixa;Caixa1;945;1,2;1,2,3,4;False
61;60;----------> Lançamento;mFrmGrid_caixa;960;1,2;1,2,3,4;False
62;60;----------> Transferência de caixa para conta bancária;mREP0_FrmGrid_Trasnf_finaceira;975;1,2;1,2,3,4;False
63;60;----------> Transferência de caixa para caixa;mREP1_FrmGrid_Trasnf_finaceira;990;1,2;1,2,3,4;False
64;55;-----> Movimentos Bancários;MovimentosBancarios1;1005;1,2;1,2,3,4;False
65;64;----------> Lançamentos;mFrmgrid_Mov_bancario;1020;1,2;1,2,3,4;False
66;64;----------> Transferência de conta bancária para caixa;mREP2_FrmGrid_Trasnf_finaceira;1035;1,2;1,2,3,4;False
67;64;----------> Transferência de conta bancária para conta bancária;mREP3_FrmGrid_Trasnf_finaceira;1050;1,2;1,2,3,4;False
69;55;-----> Fluxo de Caixa Ortodoxo;mFrmFluxo_caixa_ortodoxo;1065;1,2;1,2,3,4;False
70;55;-----> Fluxo de Caixa Otimista;mFrmFluxo_caixa_otimista;1080;1,2;1,2,3,4;False
71;71;CRM;CRM1;1125;1,2;1,2,3,4;False
72;71;-----> Pós-Venda;mFrmGrid_pos_venda;1140;1,2;1,2,3,4;False
73;73;Relatórios;Relatrios1;1155;1,2;1,2,3,4;True
74;73;-----> Venda;Projetos1;1170;1,2;1,2,3,4;False
76;74;----------> Quantitativo;mREP1_frmOpc_rel_pedido;1200;1,2;1,2,3,4;False
77;74;----------> Controle Obra;mREP2_frmOpc_rel_pedido;1215;1,2;1,2,3,4;False
78;74;----------> Ordem de Serviço;mREP3_frmOpc_rel_pedido;1230;1,2;1,2,3,4;False
79;74;----------> Alterações em Projeto;mFrmOpc_Alteracoes_projetos;1245;1,2;1,2,3,4;False
80;74;----------> Entrada por devolução sem confirmação do estoque;mFrmOpc_ent_dev_sem_conf;1260;1,2;1,2,3,4;False
82;74;----------> Pedidos de Vendas Fechados;mfrmOpc_Orcamento;1305;1,2;1,2,3,4;False
83;74;----------> Orçamento por consultor(a);mfrmopc_rel_orc_aten;1320;1,2;1,2,3,4;False
84;73;-----> Tabela de Preço;mfrmopc_rel_tabela_preco;1380;1,2;1,2,3,4;False
85;73;-----> Estoque;Estoque3;1395;1,2;1,2,3,4;False
86;85;----------> Estoque Atual;mfrmOpc_rel_estoque_atual;1410;1,2;1,2,3,4;False
87;85;----------> Conferencia de Valores;mfrmopc_listagem_conf_de_preco;1425;1,2;1,2,3,4;False
88;73;-----> Gerencial;Gerencial1;1470;1,2;1,2,3,4;False
89;88;----------> Custo por Venda;mfrmOpc_Rel_Custo;1485;1,2;1,2,3,4;False
90;88;----------> Pedido de Venda por Profissional;mREP1_FrmOpc_Orcamento;1500;1,2;1,2,3,4;False
91;88;----------> Ranking Profissional;mFrmOpc_ramking;1515;1,2;1,2,3,4;False
93;73;-----> Financeiro;Financeiro2;1635;1,2;1,2,3,4;False
94;93;----------> Contas a pagar;mcontaapagar;1650;1,2;1,2,3,4;False
95;93;---------------> Relatório Básico;mFrmOpcContas_apagar;1665;1,2;1,2,3,4;False
96;93;---------------> Quebra por data vencimento;mFrmOpc_plano_ctp_data;1680;1,2;1,2,3,4;False
97;93;----------> Contas a receber;mFrmOpcContas_receber;1695;1,2;1,2,3,4;False
179;36;-----> Transferência de Venda entre Profissionais;mFrmGridTransfInd;661;1,2;1,2,3,4;False
180;74;----------> Entrada por devolução;mfrmSelRelEntDevolucao;1260;1,2;1,2,3,4;False
100;93;----------> Transferência;mntransferencia1;1740;1,2;1,2,3,4;False
101;93;---------------> Quebra por data de lançamento;mFrmOpc_data_transf;1755;1,2;1,2,3,4;False
102;93;----------> Outros;mnOutros;1770;1,2;1,2,3,4;False
103;93;---------------> Movimentos Realizados\Previstos;mFrmOpc_fluxo_previsto_realizado;1785;1,2;1,2,3,4;False
104;93;---------------> Valores de fechamento em projetos;mFrmOpc_valores_fec_proj;1800;1,2;1,2,3,4;False
105;73;-----> Compras;mCompras;1845;1,2;1,2,3,4;False
106;105;----------> Impressão dos produtos da nota entrada;mFrmOpc_nota_entrada_produtos;1860;1,2;1,2,3,4;False
107;107;Controle de Acesso;ControledeAcesso1;1920;1,2;1,2,3,4;True
108;107;-----> Troca de Usuário;mfLogin;1935;1,2;1,2,3,4;False
109;107;-----> Alterar Senha;mfAlterarSenha;1950;1,2;1,2,3,4;False
110;107;-----> Usuário;mFrmgrid_usuario;1980;1,2;1,2,3,4;False
111;107;-----> Permissões de Acesso;mfControleAcesso;1995;1,2;1,2,3,4;False
112;112;Sistema;Parametros1;2010;1,2;1,2,3,4;True
113;112;-----> Configuração;Configurao1;2025;1,2;1,2,3,4;False
114;113;----------> Parâmetros;mfrmParamentro;2040;1,2;1,2,3,4;False
115;112;-----> Importação;mnimpor;2055;1,2;1,2,3,4;False
116;115;----------> Importar Produtos;mFrmImportacaoXML;2070;1,2;1,2,3,4;False
117;115;----------> Produtos via Planilha;mFrmPlanilhaImportProduto;2085;1,2;1,2,3,4;False
171;53;-----> Controle de Crédito do Cliente;mFrmGridCreditoCliente;1096;1,2;1,2,3,4;False
120;112;-----> Exportação;mExportao1;2130;1,2;1,2,3,4;False
121;120;----------> Exportar Produtos;mFrmExportacaoProdXML;2145;1,2;1,2,3,4;False
122;120;----------> Exportar itens do banco de produto para o banco principal;mfrmExportacao_bdPrincipal;2160;1,2;1,2,3,4;False
123;120;----------> Exportar produtos para Excel;mFrmExporta_vl_tabela;2175;1,2;1,2,3,4;False
124;112;-----> Manutenção;Manuteno1;2190;1,2;1,2,3,4;False
181;74;----------> Saída por Complementação;mFrmSelRelSaidaComplementacao;1261;1,2;1,2,3,4;False
126;124;----------> Estoque;Estoque2;2220;1,2;1,2,3,4;False
127;124;---------------> Verificar cadastro do estoque;mfrmGravaProdutosEstoque;2235;1,2;1,2,3,4;False
128;124;---------------> Zerar  estoque;mfrmZerar_estoque;2250;1,2;1,2,3,4;False
182;88;----------> Resultado Financeiro;mFrmSelRelPeriodoResFinanceiro;1621;1,2;1,2,3,4;False
130;124;---------------> Zerar estoque minimo;mFrmzerar_minimo;2280;1,2;1,2,3,4;False
131;124;----------> Banco;mfrmSuporteTecnico;2295;1,2;1,2,3,4;False
132;124;----------> Cópia de Segurança\Restaurar cópia;mfCopiaSeguranca;2310;1,2;1,2,3,4;False
133;112;-----> Enviar E-mail;mfrmenvia_email;2325;1,2;1,2,3,4;False
134;112;-----> Carregar Chave de uso;mFrmGravar_Chave;2340;1,2;1,2,3,4;False
135;135;Ajuda;Ajuda1;2355;1,2;1,2,3,4;True
136;135;-----> Sobre;mfrmSobre;2370;1,2;1,2,3,4;False
147;74;----------> Orçamento x Estoque;mfrmOpc_Orc_QtdxEst;1335;1,2;1,2,3,4;False
138;138;Sair;Sair1;2385;1,2;1,2,3,4;True
139;55;-----> Participações;mFrmGrid_Reserva_tecnica;1115;1,2;1,2,3,4;False
140;93;----------> Participação;mnReservaTecnica;1815;1,2;1,2,3,4;False
141;140;---------------> Relatório Básico;mFrmOpc_reserva_tecnica;1830;1,2;1,2,3,4;False
142;85;----------> Movimentação do produto no estoque;mFrmOpc_mov_produto;1440;1,2;1,2,3,4;False
143;85;----------> Valor do estoque;mFrmOpc_valor_estoque;1455;1,2;1,2,3,4;False
144;107;-----> Grupo;mFrmGrid_grupo_usuario;1965;1,2;1,2,3,4;False
148;44;-----> Consultar previsão de chegada de produtos;mFrmConsulta_chegada_produto;735;1,2;1,2,3,4;False
149;73;-----> CRM;MNCRM;1890;1,2;1,2,3,4;False
150;149;----------> Carta de agradecimento ao cliente;mFrmOpc_Carta_agradecimento;1905;1,2;1,2,3,4;False
151;36;-----> Autorização de Inclusão (DESATIVADO);mFrmGrid_AutorizoInclusao;645;1,2;1,2,3,4;False
152;44;-----> Consultar compras para estoque(reserva de produto).;mFrmBusca_ReservaEstoque;750;1,2;1,2,3,4;False
153;74;----------> Entr. por dev. sem confirmação dp estoque (estoque);mfrmSelRelEntDevolucaoSEstoque;1275;1,2;1,2,3,4;False
154;44;-----> Atualizar valor de tabela;mFrmAlteraPreco;765;1,2;1,2,3,4;False
155;105;----------> Histórico de atualização do valor de tabela;mFrmSelAlteraPreco;1875;1,2;1,2,3,4;False
156;165;----------> Tipos de Peças;mFrmGrid_TipoPeca;200;1,2;1,2,3,4;False
157;88;----------> Demonstrativo de venda por atendente;mFrmSelRelDemonsVendaAtend;1560;1,2;1,2,3,4;False
158;88;----------> Produto vendido por quantidade;mFrmSelRelProdutoVendidoQuant;1575;1,2;1,2,3,4;False
159;88;----------> Produto vendido por valor;mFrmSelRelProdutoVendidoValor;1590;1,2;1,2,3,4;False
160;88;----------> Comparativo de valor de vendas;mFrmSelRelCompVlVenda;1605;1,2;1,2,3,4;False
231;88;----------> Plano de contas;mFrmSelRelPlanodecontas;1620;1,2;1,2,3,4;False
163;1;-----> Financeiro;Menu_TabelaFinanceiro;181;1,2;1,2,3,4;False
164;163;----------> Bancos;mFrmGridBanco;182;1,2;1,2,3,4;False
165;1;-----> Produto;Menu_TabelaProduto;197;1,2;1,2,3,4;False
166;1;-----> Recurso Humano;Menu_RecursoHumano;201;1,2;1,2,3,4;False
167;166;----------> Setores;mFrmGridSetor;202;1,2;1,2,3,4;False
168;166;----------> Cargos;mFrmGridCargo;203;1,2;1,2,3,4;False
169;166;----------> Nacionalidades;mFrmGridNacionalidade;204;1,2;1,2,3,4;False
170;36;-----> Emissão de Cupom Fiscal;mEmissodeCupomFiscal;602;1,2;1,2,3,4;False
172;53;-----> Controle de Crédito Junto ao Fornecedor;mFrmGridCreditoFornecedor;1097;1,2;1,2,3,4;False
173;53;-----> Consultar Crédito do Cliente;mFrmConsultaCreditoCliente;1098;1,2;1,2,3,4;False
174;93;----------> Controle de Cheque;mFrmSelRelControleCheque;1835;1,2;1,2,3,4;False
175;55;-----> Controle de Cheque Recebido;mREP0_FrmGridControleCheque;1099;1,2;1,2,3,4;False
176;55;-----> Controle de Cheque Emitido\Repassado;mREP1_FrmGridControleCheque;1100;1,2;1,2,3,4;False
177;19;-----> Empresas de Factoring;mFrmGridEmpFact;545;1,2;1,2,3,4;False
178;140;---------------> Relatório Analítico;mFrmSelRelResTecAnalitica;1832;1,2;1,2,3,4;False
230;36;-----> Quadro de Carga;mFrmGridQuadroCargas;662;1,2;1,2,3,4;False
183;87;-----> Controle Entrega;ControledeEntrega1;1907;1,2;1,2,3,4;False
184;183;----------> Termo de Recebimento;mFrmSelRelTermoRecebimento;1908;1,2;1,2,3,4;False
185;112;-----> Gerador de Etiquetas;mFrmSelEtiquetas;2326;1,2;1,2,3,4;False
187;1;-----> Categorias de Venda;mFrmGridCatVenda;272;1,2;1,2,3,4;False
188;166;-----> Categorias;mFrmGridCatRem;205;1,2;1,2,3,4;False
189;1;-----> Localizações Geográficas;Localizacao;47;1,2;1,2,3,4;False
190;189;----------> Países;mFrmGridPaises;48;1,2;1,2,3,4;False
191;189;----------> Regiões;mFrmGridRegiao;49;1,2;1,2,3,4;False
192;36;-----> Outros Documentos;OutrosDocumentos;603;2;1,2,3,4;False
193;192;----------> Factura;mREP0_FrmGridFactura;604;2;1,2,3,4;False
194;192;----------> Factura Pró-Forma;mREP1_FrmGridFactura;605;2;1,2,3,4;False
195;192;----------> Nota de Crédito;mREP2_FrmGridFactura;606;2;1,2,3,4;False
196;192;----------> Nota de Dédito;mREP3_FrmGridFactura;607;2;1,2,3,4;False
197;192;----------> Venda-a-Dinheiro;mREP4_FrmGridFactura;608;2;1,2,3,4;False
198;192;----------> Guia de Remessa;mREP5_FrmGridFactura;609;2;1,2,3,4;False
199;192;----------> Guia de Transporte;mREP6_FrmGridFactura;610;2;1,2,3,4;False
200;192;----------> Devolução;mREP7_FrmGridFactura;611;2;1,2,3,4;False
201;120;----------> Exportar SAFT;mFrmExportarSAFTPT;2177;2;1,2,3,4;False
202;55;-----> Controle de Crédito do RH;mFrmGridControleCredRH;1112;1,2;1,2,3,4;False
203;19;-----> Metas de Venda;mFrmGridMetaVenda;546;1,2;1,2,3,4;False
204;19;-----> Rateios;mFrmGridRateio;547;1,2;1,2,3,4;False
205;19;-----> Ganhos Sobre Vendas;mFrmGridComissao;548;1,2;1,2,3,4;False
206;36;-----> Acompanhamento e Fechamento de Metas;mFrmGridFechamentoMeta;663;1,2;1,2,3,4;False
207;36;-----> Acompanhamento de Ganhos Sobre Vendas;mFrmConsultaComissao;664;1,2;1,2,3,4;False
208;36;-----> Recalcular Ganhos Sobre Vendas;mFrmRecalcGanhosVenda;665;1,2;1,2,3,4;False
209;36;-----> Fechamento Ganhos Sobre Vendas;mFrmFechamentoGanhosVendas;666;1,2;1,2,3,4;False
211;1;-----> Nota Fiscal;NotaFiscal1;190;1;1,2,3,4;False
212;211;----------> CFOP;mFrmGridCFOP;191;1;1,2,3,4;False
213;36;-----> Nota Fiscal;mFrmGridNotaFiscal;667;1;1,2,3,4;False
214;113;----------> Nota Fiscal;NotaFiscal2;2045;1;1,2,3,4;False
215;214;---------------> Criar Nota Fiscal;mFrmNfconfig;2046;1;1,2,3,4;False
216;214;---------------> Alterar Nota Fiscal;mFrmSel_nf;2047;1;1,2,3,4;False
217;120;----------> Exportar Nota Fiscal Paulista;mFrmExpNFPaul;2179;1;1,2,3,4;False
210;55;-----> Controle de Crédito do Profissional;mFrmGridCreditoIndicacao;1116;1,2;1,2,3,4;False
218;124;----------> Exclusão de produtos relacionados;mFrmExcluirRelacionado;2315;1,2;1,2,3,4;False
219;51;----------> Estoque Mínimo;mFrmEstoqueMinimo;845;1,2;1,2,3,4;False
220;105;----------> Data Prevista de Chegada\Reagendamento de Ordem de Compra;mFrmSelRelOrdemCheg;1865;1,2;1,2,3,4;False
221;55;-----> Controle de Duplicata e Recibo;mFrmDuplicataRecibo;1119;1,2;1,2,3,4;False
222;88;----------> Movimentação por Fornecedor e Profissional;mFrmSelRelForInd;1623;1,2;1,2,3,4;False
223;44;-----> Consultar ordens externas;mFrmConsultaOrdemExterna;755;1,2;1,2,3,4;False
224;88;----------> Movimentação por Fornecedor;mFrmSelRelVendaFor;1624;1,2;1,2,3,4;False
225;93;----------> Extrato Bancário;mFrmSelRelExtBancario;1837;1,2;1,2,3,4;False
226;55;-----> Fechamento de Contas (Caixas\Bancárias);mFrmFechamentoContas;1121;1,2;1,2,3,4;False
227;112;-----> Editor de Texto;mEditordeTexto1;2342;1,2;1,2,3,4;False
228;48;-----> Requisição de Produtos;mFrmGridRequisicaoEstoq;848;1;1,2,3,4;False
229;105;----------> Diferenças de valores na nota do fornecedor;mFrmSelRltNFEntDif;1879;1,2;1,2,3,4;False
232;211;----------> Impostos (NFe);mFrmGridTabImpostos;192;1;1,2,3,4;False
233;211;----------> Informações Complementares para Nfe;mFrmGridObsNFe;193;1;1,2,3,4;False
234;73;-----> Etiquetas;Etiquetas1;1910;1,2;1,2,3,4;False
235;234;----------> Produtos do Pedido de Venda;mFrmSelEtiqProj;1911;1,2;1,2,3,4;False
236;85;----------> Estoque atual, produtos não separados e separados não entregue;mFrmSelRelEstoqSepEnt;1456;1,2;1,2,3,4;False
237;1;-----> Estoque;mFrmGridCadEstoque;275;1,2;1,2,3,4;False
238;51;----------> Transferência de Estoque;mFrmGridTransfEstoque;846;1,2;1,2,3,4;False
239;105;----------> Pedido de compra em aberto;mFrmSelRelPedCompra;1880;1,2;1,2,3,4;False
240;105;----------> Ordem de Compra;mFrmSelRelOrdemCompra;1881;1,2;1,2,3,4;False
241;165;----------> Grupos de Produtos;mFrmGridGrupoProdutos;200;1,2;1,2,3,4;False
270;165;----------> Fábrica;mFrmGridfabrica;200;1,2;1,2,3,4;False
271;165;----------> Marca;mFrmGridmarca;200;1,2;1,2,3,4;False
272;165;----------> Designer;mFrmGriddesigner;200;1,2;1,2,3,4;False
280;88;----------> Valores por Facturas;mFrmSelRltValorVendaPort;1625;2;1,2,3,4;False
281;85;----------> Estoque Atual e Físico por data;mFrmSelRelEstoqueData;1457;1,2;1,2,3,4;False
242;74;----------> Alterações em Pasta;mFrmSelAlteracoesPasta;1247;1,2;1,2,3,4;False
273;36;-----> Conclusão do Pedido de Venda;mFrmFecha_projeto;660;1,2;1,2,3,4;False
283;234;----------> Produtos do Pedido de Venda por Ambiente;mFrmSelEtiqProjAmb;1912;1,2;1,2,3,4;False
284;74;----------> Nota Fiscal Eletrônica;mFrmSelRelNFeEmitidas;1340;1,2;1,2,3,4;False
284;19;-----> Contadores;mFrmGridContabilista;365;1,2;1,2,3,4;False
285;120;----------> Livro de registro de Inventário - RI - modelo P7;mFrmExpRIMODELOP7;2180;1,2;1,2,3,4;False
286;234;----------> Produtos Cadastrados;mFrmSelEtiqFornecedor;1913;1,2;1,2,3,4;False
287;211;----------> Valor Aproximado dos Tributos;mFrmPorcTributos;194;1,2;1,2,3,4;False
288;74;----------> Impressão da Data de Entrega;mFrmSelRelDataEntrega;1343;1,2;1,2,3,4;False
289;85;----------> Estoque atual, produtos não separados e separados não entregue  por;mFrmSelRelEstoqSepEntcliente;1458;1,2;1,2,3,4;False
290;88;----------> Ponto de Equilíbrio;mFrmRelPontodeequilibrio;1625;1,2;1,2,3,4;False
291;88;----------> Situação Patrimonial;mFrmRelSituacaoPatrimonial;1626;1,2;1,2,3,4;False
292;51;----------> Balanço do Estoque;mFrmGridBalancoEstoque;847;1,2;1,2,3,4;False
293;51;----------> Produtos Fora do Balanço do Estoque;mFrmGridForaBalanco;848;1,2;1,2,3,4;False
294;56;----------> Quitação em Lote;mREP0_FrmQuitacaoLote;902;1,2;1,2,3,4;False
295;58;----------> Quitação em Lote;mREP1_FrmQuitacaoLote;932;1,2;1,2,3,4;False
296;1;-----> Categorias de Cliente;mFrmGridCategoriaCliente;188;1,2;1,2,3,4;False
297;105;----------> Notas dos Fornecedores;mFrmSelRltNotaFornecedor;1882;1,2;1,2,3,4;False
298;211;----------> Código do Serviço;mFrmGridCodServico;195;1,2;1,2,3,4;False
299;74;----------> Data de Entrega Prevista por Pedido de Venda;mFrmSelRelDataEntregaPrevista;1344;1,2;1,2,3,4;False
300;53;-----> Consultar Crédito Junto ao Fornecedor;mFrmConsultaCreditofornecedor;1098;1,2;1,2,3,4;False
301;55;-----> Emissão de Boleto e Arquivo de Remessa;mFrmCobranca;1122;1,2;1,2,3,4;False
302;234;----------> Ambientes;mFrmSelEtiqAmbiente;1915;1,2;1,2,3,4;False
302;19;-----> Grupos de Produtos Relacionados;mFrmGridProdRel;549;1,2;1,2,3,4;False
303;74;----------> Extrato de total de vendas por mês;mFrmSelRelExtratoVenda;1345;1,2;1,2,3,4;False
304;19;-----> Promoção;mFrmGridPromocao;550;1,2;1,2,3,4;False
305;135;-----> Histórico de Versões;mFrmHistoricoVersoes;2371;1,2;1,2,3,4;False
306;165;----------> Tamanho;mFrmGridtamanho;200;1,2;1,2,3,4;False
307;165;----------> Característica;mFrmGridCaracteristicas;200;1,2;2;False
308;165;----------> Tipo de Linha;mFrmGridTipoLinha;200;1,2;2;False
309;88;----------> DRE;mFrmSelRelDRE;1627;1,2;1,2,3,4;False
310;120;----------> Exportar Financeiro;mFrmExportarFinanceiro;2181;1,2;1,2,3,4;False
311;183;----------> Entregas;mFrmSelRelControleEntregarValor;1909;1,2;1,2,3,4;False
312;36;-----> Pedido de Demonstração;mFrmGridDemostracao;601;1,2;1,2,3,4;False
313;234;----------> Produtos Separados;mFrmSelEtiqProdSep;1916;1,2;1,2,3,4;False
314;120;----------> Exportar Pedido de Venda;mFrmExportarVenda;2182;1,2;1,2,3,4;
315;93;---------------> Sintético;mFrmOpcContasSintetica;1683;1,2;1,2,3,4;
316;74;----------> Pedido de Demonstração;mFrmOpcPedidoDemonstracao;1347;1,2;1,2,3,4;
317;36;----------> Pré-venda;mFrmPreVenda;602;1,2;1,2,3,4;
318;36;-----> Consulta de Valores de NFe, NFCe de Pré-Venda;mFrmVendasNfeNfce;668;1,2;1,2,3,4;
319;85;----------> Movimentação de Produtos baseada em saídas NFe e NFCe;mFrmMovProdutosNFeNFCe;1460;1,2;1,2,3,4;
320;48;-----> Gerenciamento de Entrega;mFrmGerencimentoEntrega;856;1,2;1,2,3,4;
321;48;-----> Fechamento de Entrega;mFrmFechamentoEntrega;857;1,2;1,2,3,4;
322;36;-----> Consultar Situação do Pedido de Venda;mFrmConsultaSeparacaoPedidoVenda;669;1,2;1,2,3,4;
323;28;----------> Gerar código de barra;mFrmGerarCodigoBarra;481;1,2;1,2,3,4;
324;211;----------> EFD registro 150 Participante;mFrmGridEFDReg150;196;1,2;1,2,3,4;
325;36;-----> Assistência Técnica (Garantia);mFrmGridAssistenciaTecnica;603;1,2;1,2,3,4;
326;88;----------> Ficha Fiscal de Produtos;mFrmFichaFiscalProdutos;1628;1,2;1,2,3,4;
327;48;-----> Liberar Separação e Entrega;mFrmLiberarProdutos;790;1,2;1,2,3,4;
328;124;---------------> Criar estoque em nova empresa;mfrmcriarestoqueempresa;2281;1,2;1,2,3,4;
329;74;----------> Relatório de Notas Fiscais Simples Remesa sem Faturar;mFrmSelSimplesRemesaFatura;1348;1,2;1,2,3,4;
330;88;----------> Quantidade de venda, quantidade de dias sem venda e última data de v;mFrmSelEstoqueUltimaVenda;1629;1,2;1,2,3,4;
331;1;----------> Categorias de Profissionais Externo;mFrmGridCatProfExt;188;1,2;1,2,3,4;
332;183;----------> Entregas Pendentes;mFrmSelRelEntregasPedentes;1909;1,2;1,2,3,4;
333;44;-----> Manifestação do Destinatário;mFrmDistribuicaoDFe;766;1,2;1,2,3,4;
334;36;-----> Ordem de Serviço;mFrmGridOrdemServico;604;1,2;;
336;55;-----> Conciliação Bancária;mFrmConciliacaoBancaria;1123;1,2;;
337;85;----------> Curva ABC;mFrmSelRelCurvaABC;1461;1,2;;
