SisOpEsp_Codigo;SisOpEsp_Titulo;SisOpEsp_Descricao
1;CADASTRO DO CLIENTE;LIMITES DE COMPRA
2;FECHAMENTO DE CONTAS (CAIXAS\BANCÁRIOS);ABRIR CONTA
3;ALTERA QUANT. SUGERIDA PARA COMPRA;ALTERAR QUANTIDADE SUGERIDA DE PRODUTOS PELO SISTEMA PARA COMPRA
4;MOSTRAR MARGEM DE LUCRO POR VENDA;MOSTRAR MARGEM DE LUCRO POR VENDA
5;MARGEM DE DESCONTO PARA O CLIENTE;ALTERAR MARGEM DE DESCONTO PARA O CLIENTE
6;ALTERAR VALOR DOS PRODUTOS NA VENDA;ALTERAR VALOR UNITÁRIO DOS PRODUTOS NA VENDA
7;QUITAR CONTA PELO MÓDULO DE VENDA;QUITAR CONTA PELO MÓDULO DE VENDA
8;ALTERAR CONTA PELO MÓDULO DE VENDA;ALTERAR CONTA PELO MÓDULO DE VENDA
9;REQUISIÇÃO DE PRODUTOS;ESTOQUE E COMPRA PELA REQUISIÇÃO DE PRODUTOS
10;FINANCEIRO NOTA DO FORNECEDOR;NÃO CRIAR CONTA FINANCEIRA PELA ENTRADA DA NOTA FISCAL DO FORNECEDOR
11;NOTA DO FORNECEDOR - FINANCEIRO;PODER ESCOLHER SE DESEJA CRIAR LANÇAMENTO FINANCEIRO
12;GANHOS SOBRE VENDAS - FINANCEIRO;PODER ALTERAR CONTA A PAGAR DEPOIS DE FECHADO O GANHOS SOBRE VENDAS CORRESPONDENTE.
13;ATUALIZAR ORÇAMENTO;ATUALIZAÇÃO DO ORÇAMENTO.
14;QUANTIDADE MÁXIMA DE PARCELA;QUANTIDADE MÁXIMA DE PARCELA.
15;VALOR MÍNIMO PARA PARCELAMENTO;VALOR MÍNIMO PARA PARCELAMENTO.
16;FORMAS EXTRA DE PAG. NO ORÇAMENTO;FORMAS EXTRA DE PAGAMENTO NO ORÇAMENTO.
17;ALTERAÇÃO % DE RT NA VENDA;ALTERAÇÃO % DE RT NAS TELAS DE VENDA.
18;VALOR MÍNIMO DA PARCELA;VALOR MÍNIMO DA PARCELA.
19;ACESSAR RECIBO DE CONTAS A RECEBER;ACESSAR RECIBO DE CONTAS A RECEBER.
20;ACESSAR RECIBO DE CONTAS A PAGAR;ACESSAR RECIBO DE CONTAS A PAGAR.
21;ACESSAR DUPLICATAS;ACESSAR DUPLICATAS.
22;ALTERAR DATA DE EMISSÃO NO ORÇAMENTO;DATA DE EMISSÃO NO ORÇAMENTO
23;DESBLOQUEAR NOTA DO FORNECEDOR;DESBLOQUEAR NOTA DO FORNECEDOR
24;ALTERAR DESÁGIO NA DEVOLUÇÃO;ALTERAR DESÁGIO NA DEVOLUÇÃO
25;ALTERAR DATA DE VALIDADE NO ORÇAMENTO;ALTERAR DATA DE VALIDADE NO ORÇAMENTO
26;ALTERAR DATA DE FECHAMENTO NO PROJETO;ALTERAR DATA DE FECHAMENTO NO PROJETO
27;MOSTRAR BOTÃO EXPORTAR VENDA PARA ECF;MOSTRAR BOTÃO EXPORTAR VENDA PARA ECF
28;NOTA DE FORN. SEM ENTRADA DE ESTOQUE;NOTA DE FORNECEDOR SEM ENTRADA DE ESTOQUE
29;EDITAR DATA DE CONCLUSÃO;EDITAR DATA DE CONCLUSÃO DA PASTA OU PEDIDO DE VENDA
30;CONFIRMAR DEVOLUÇÃO NO ESTOQUE;CONFIRMAR DEVOLUÇÕES NO ESTOQUE
31;ALTERAR FINANCEIRO DA DEVOLUÇÃO;ALTERAR FINANCEIRO DA DEVOLUÇÃO
32;ALTERAR VALOR DOS PROD.VENDA P/ MENOR;ALTERAR VALOR DOS PRODUTOS NA VENDA PARA MENOR
33;ALTERAR QUANTIDADE DOS PROD.ORC.;ALTERAR QUANTIDADE DOS PRODUTOS NO ORÇAMENTO
34;EXCLUIR HISTÓRICO DA CONTA;EXCLUIR HISTÓRICO DA CONTA(PEDIDO DE VENDA)
35;LIMITAR ALTERAÇÃO PEDIDO DE VENDA;APENAS ALTERAR AS OBSERVAÇÕES)
36;EDITAR PEDIDO DE VENDA SÉRIE 1;EDITAR PEDIDO DE VENDA SÉRIE 1
37;EDITAR DEVOLUÇÃO DE VENDA;EDITAR DEVOLUÇÃO DE VENDA
38;EDITAR DATA EMISSÃO PED. VENDA;EDITAR DATA EMISSÃO PEDIDO DE VENDA
40;EXPORTAR PEDIDO DE VENDA PARA ECF;EXPORTAR PEDIDO DE VENDA PARA ECF
41;EDITAR REQUISIÇÃO NO PEDIDO DE VENDA;EDITAR REQUISIÇÃO NO PEDIDO DE VENDA
42;OBRIGATORIO PREENCHIMENTO DO MODO;NO CONTA A RECEBER É OBRIGATORIO PREENCHIMENTO DO CAMPO MODO NA PARCELA
43;PROCESSAR BALANÇO DO ESTOQUE;PERMITIR PROCESSAR BALANÇO DO ESTOQUE
44;PROCESSAR PROD. FORA DO BALANÇO DO EST.;PERMITIR PROCESSAR PRODUTOS FORA DO BALANÇO DO ESTOQUE
45;PERMITIR QUITAÇÃO COM VALOR A MENOS;PERMITIR QUITAÇÃO COM VALOR A MENOS QUE O VALOR DO VENCIMENTO
46;MOSTRAR PARTICIPAÇÃO DOS PROFISSIONAIS;MOSTRAR PARTICIPAÇÃO DOS PROFISSIONAIS NOS CADASTROS E TELA DE VENDAS
47;MOSTRAR VENDAS;MOSTRAR VENDAS DE TODOS OS ATENDENTES
48;PROMOÇÃO MANUAL;DA PROMOÇÃO MANUALMENTE NA ESCOLHA DO PRODUTO.
49;ALTERAR PLANO DE CONTA NA VENDA;ALTERAR PLANO DE CONTA NO PEDIDO DE VENDA.
50;ALTERAR PLANO DE CONTA NA NF DE ENTRADA;ALTERAR PLANO DE CONTA NA NF DE ENTRADA DO FORNECEDOR.
51;MOSTRAR O BOTÃO DE QUADRO DE STATUS;MOSTRAR O BOTÃO DE QUADRO DO STATUS DO PEDIDO DE VENDA.
52;MOSTRAR O CRÉDITO DO CLIENTE;MOSTRAR O CRÉDITO DO CLIENTE NO PEDIDO DE VENDA.
53;MOSTRAR QUADRO MODELO 2;MOSTRAR QUADRO MODELO 2 NO PEDIDO DE VENDA.
