id;idUsuario;idPai;Alterar;Excluir;Consultar;Imprimir;Inserir;idApresentacao;idGrupo;Emp_codigo
1;0;1;-;-;-;-;-;;3;
3;0;1;X;X;X;X;X;;3;
189;0;1;X;X;X;X;X;;3;
190;0;189;X;X;X;X;X;;3;
191;0;189;X;X;X;X;X;;3;
4;0;189;X;X;X;X;X;;3;
5;0;189;X;X;X;X;X;;3;
6;0;1;X;X;X;X;X;;3;
7;0;1;X;X;X;X;X;;3;
8;0;1;X;X;X;X;X;;3;
12;0;1;X;X;X;X;X;;3;
163;0;1;X;X;X;X;X;;3;
164;0;163;;X;X;X;;;3;
13;0;163;;X;X;X;;;3;
14;0;163;;X;X;X;;;3;
15;0;163;;X;X;X;;;3;
16;0;163;X;X;X;X;X;;3;
17;0;163;X;X;X;X;X;;3;
9;0;163;X;X;X;X;X;;3;
296;0;1;X;X;X;X;X;;3;
10;0;163;X;X;X;X;X;;3;
211;0;1;X;X;X;X;X;;3;
212;0;211;X;X;X;X;X;;3;
232;0;211;X;X;X;X;X;;3;
233;0;211;X;X;X;X;X;;3;
287;0;211;X;X;X;X;X;;3;
298;0;211;X;X;X;X;X;;3;
165;0;1;X;X;X;X;X;;3;
11;0;165;X;X;X;X;X;;3;
2;0;165;X;X;X;X;X;;3;
156;0;165;X;X;X;X;X;;3;
306;0;165;X;X;X;X;X;;3;
307;0;165;X;X;X;X;X;;3;
308;0;165;X;X;X;X;X;;3;
241;0;165;X;X;X;X;X;;3;
270;0;165;X;X;X;X;X;;3;
271;0;165;X;X;X;X;X;;3;
272;0;165;X;X;X;X;X;;3;
166;0;1;X;X;X;X;X;;3;
167;0;166;;X;X;X;X;;3;
168;0;166;;X;X;X;X;;3;
169;0;166;X;X;X;X;X;;3;
188;0;166;X;X;X;X;X;;3;
18;0;1;X;X;X;X;X;;3;
187;0;1;X;X;X;X;X;;3;
237;0;1;X;X;X;X;X;;3;
19;0;19;-;-;-;-;-;;3;
20;0;19;X;X;X;X;X;;3;
21;0;19;X;X;X;X;X;;3;
22;0;19;X;X;X;X;X;;3;
23;0;19;X;X;X;X;X;;3;
284;0;19;X;X;X;X;X;;3;
24;0;19;X;X;X;X;X;;3;
25;0;19;X;X;X;X;X;;3;
26;0;19;X;X;X;X;X;;3;
27;0;19;X;X;X;X;X;;3;
28;0;19;X;X;X;X;X;;3;
29;0;28;X;X;X;X;X;;3;
30;0;28;X;X;X;X;X;;3;
31;0;28;X;X;X;X;X;;3;
323;0;28;X;X;X;X;X;;3;
32;0;19;X;X;X;X;X;;3;
33;0;19;X;X;X;X;X;;3;
34;0;19;X;X;X;X;X;;3;
35;0;19;X;X;X;X;X;;3;
177;0;19;X;X;X;X;X;;3;
203;0;19;X;X;X;X;X;;3;
204;0;19;X;X;X;X;X;;3;
205;0;19;X;X;X;X;X;;3;
302;0;19;X;X;X;X;X;;3;
304;0;19;X;X;X;X;X;;3;
36;0;36;-;-;-;-;-;;3;
37;0;36;X;X;X;X;X;;3;
38;0;36;X;X;X;X;X;;3;
39;0;36;X;X;X;X;X;;3;
312;0;36;X;X;X;X;X;;3;
317;0;36;X;X;X;X;X;;3;
170;0;36;X;X;X;X;X;;3;
325;0;36;X;X;X;X;X;;3;
41;0;36;X;X;X;X;X;;3;
151;0;36;X;X;X;X;X;;3;
273;0;36;X;X;X;X;X;;3;
179;0;36;X;X;X;X;X;;3;
230;0;36;X;X;X;X;X;;3;
206;0;36;X;X;X;X;X;;3;
207;0;36;X;X;X;X;X;;3;
208;0;36;X;X;X;X;X;;3;
209;0;36;X;X;X;X;X;;3;
213;0;36;X;X;X;X;X;;3;
318;0;36;X;X;X;X;X;;3;
322;0;36;X;X;X;X;X;;3;
44;0;44;-;-;-;-;-;;3;
45;0;44;X;X;X;X;X;;3;
46;0;44;X;X;X;X;X;;3;
47;0;44;X;X;X;X;X;;3;
148;0;44;X;X;X;X;X;;3;
152;0;44;X;X;X;X;X;;3;
223;0;44;X;X;X;X;X;;3;
154;0;44;X;X;X;X;X;;3;
48;0;48;-;-;-;-;-;;3;
327;0;48;X;X;X;X;X;;3;
49;0;48;X;X;X;X;X;;3;
51;0;48;X;X;X;X;X;;3;
52;0;51;X;X;X;X;X;;3;
53;0;51;X;X;X;X;X;;3;
219;0;51;X;X;X;X;X;;3;
238;0;51;X;X;X;X;X;;3;
292;0;51;X;X;X;X;X;;3;
293;0;51;X;X;X;X;X;;3;
228;0;48;X;X;X;X;X;;3;
54;0;48;X;X;X;X;X;;3;
320;0;48;X;X;X;X;X;;3;
321;0;48;X;X;X;X;X;;3;
55;0;55;-;-;-;-;-;;3;
56;0;55;X;X;X;X;X;;3;
57;0;56;X;X;X;X;X;;3;
294;0;56;X;X;X;X;X;;3;
58;0;55;X;X;X;X;X;;3;
59;0;58;X;X;X;X;X;;3;
295;0;58;X;X;X;X;X;;3;
60;0;55;X;X;X;X;X;;3;
61;0;60;X;X;X;X;X;;3;
64;0;55;X;X;X;X;X;;3;
65;0;64;X;X;X;X;X;;3;
171;0;53;X;X;X;X;X;;3;
172;0;53;X;X;X;X;X;;3;
173;0;53;X;X;X;X;X;;3;
300;0;53;X;X;X;X;X;;3;
175;0;55;X;X;X;X;X;;3;
1;0;1;-;-;-;-;-;;1;
3;0;1;X;X;X;X;X;;1;
189;0;1;X;X;X;X;X;;1;
190;0;189;X;X;X;X;X;;1;
191;0;189;X;X;X;X;X;;1;
4;0;189;X;X;X;X;X;;1;
5;0;189;X;X;X;X;X;;1;
6;0;1;X;X;X;X;X;;1;
7;0;1;X;X;X;X;X;;1;
8;0;1;X;X;X;X;X;;1;
12;0;1;X;X;X;X;X;;1;
163;0;1;X;X;X;X;X;;1;
164;0;163;X;X;X;X;X;;1;
13;0;163;X;X;X;X;X;;1;
14;0;163;X;X;X;X;X;;1;
15;0;163;X;X;X;X;X;;1;
16;0;163;X;X;X;X;X;;1;
17;0;163;X;X;X;X;X;;1;
9;0;163;X;X;X;X;X;;1;
296;0;1;X;X;X;X;X;;1;
331;0;1;X;X;X;X;X;;1;
10;0;163;X;X;X;X;X;;1;
211;0;1;X;X;X;X;X;;1;
212;0;211;X;X;X;X;X;;1;
232;0;211;X;X;X;X;X;;1;
233;0;211;X;X;X;X;X;;1;
287;0;211;X;X;X;X;X;;1;
298;0;211;X;X;X;X;X;;1;
324;0;211;X;X;X;X;X;;1;
165;0;1;X;X;X;X;X;;1;
11;0;165;X;X;X;X;X;;1;
2;0;165;X;X;X;X;X;;1;
156;0;165;X;X;X;X;X;;1;
306;0;165;X;X;X;X;X;;1;
307;0;165;X;X;X;X;X;;1;
308;0;165;X;X;X;X;X;;1;
241;0;165;X;X;X;X;X;;1;
270;0;165;X;X;X;X;X;;1;
271;0;165;X;X;X;X;X;;1;
272;0;165;X;X;X;X;X;;1;
166;0;1;X;X;X;X;X;;1;
167;0;166;X;X;X;X;X;;1;
168;0;166;X;X;X;X;X;;1;
169;0;166;X;X;X;X;X;;1;
188;0;166;X;X;X;X;X;;1;
18;0;1;X;X;X;X;X;;1;
187;0;1;X;X;X;X;X;;1;
237;0;1;X;X;X;X;X;;1;
19;0;19;-;-;-;-;-;;1;
20;0;19;X;X;X;X;X;;1;
21;0;19;X;X;X;X;X;;1;
22;0;19;X;X;X;X;X;;1;
23;0;19;X;X;X;X;X;;1;
284;0;19;X;X;X;X;X;;1;
24;0;19;X;X;X;X;X;;1;
25;0;19;X;X;X;X;X;;1;
26;0;19;X;X;X;X;X;;1;
27;0;19;X;X;X;X;X;;1;
28;0;19;X;X;X;X;X;;1;
29;0;28;X;X;X;X;X;;1;
30;0;28;X;X;X;X;X;;1;
31;0;28;X;X;X;X;X;;1;
323;0;28;X;X;X;X;X;;1;
32;0;19;X;X;X;X;X;;1;
33;0;19;X;X;X;X;X;;1;
34;0;19;X;X;X;X;X;;1;
35;0;19;X;X;X;X;X;;1;
177;0;19;X;X;X;X;X;;1;
203;0;19;X;X;X;X;X;;1;
204;0;19;X;X;X;X;X;;1;
205;0;19;X;X;X;X;X;;1;
302;0;19;X;X;X;X;X;;1;
304;0;19;X;X;X;X;X;;1;
36;0;36;-;-;-;-;-;;1;
37;0;36;X;X;X;X;X;;1;
38;0;36;X;X;X;X;X;;1;
39;0;36;X;X;X;X;X;;1;
312;0;36;X;X;X;X;X;;1;
317;0;36;X;X;X;X;X;;1;
170;0;36;X;X;X;X;X;;1;
325;0;36;X;X;X;X;X;;1;
334;0;36;X;X;X;X;X;;1;
41;0;36;X;X;X;X;X;;1;
151;0;36;X;X;X;X;X;;1;
273;0;36;X;X;X;X;X;;1;
179;0;36;X;X;X;X;X;;1;
230;0;36;X;X;X;X;X;;1;
206;0;36;X;X;X;X;X;;1;
207;0;36;X;X;X;X;X;;1;
208;0;36;X;X;X;X;X;;1;
209;0;36;X;X;X;X;X;;1;
213;0;36;X;X;X;X;X;;1;
318;0;36;X;X;X;X;X;;1;
322;0;36;X;X;X;X;X;;1;
44;0;44;-;-;-;-;-;;1;
45;0;44;X;X;X;X;X;;1;
46;0;44;X;X;X;X;X;;1;
47;0;44;X;X;X;X;X;;1;
148;0;44;X;X;X;X;X;;1;
152;0;44;X;X;X;X;X;;1;
223;0;44;X;X;X;X;X;;1;
154;0;44;X;X;X;X;X;;1;
333;0;44;X;X;X;X;X;;1;
48;0;48;-;-;-;-;-;;1;
327;0;48;X;X;X;X;X;;1;
49;0;48;X;X;X;X;X;;1;
51;0;48;X;X;X;X;X;;1;
52;0;51;X;X;X;X;X;;1;
53;0;51;X;X;X;X;X;;1;
219;0;51;X;X;X;X;X;;1;
238;0;51;X;X;X;X;X;;1;
1;0;1;-;-;-;-;-;;2;
211;0;1;;;X;X;;;2;
2;0;165;;;X;X;;;2;
270;0;165;;;X;;;;2;
271;0;165;;;X;;;;2;
272;0;165;;;X;;;;2;
19;0;19;-;-;-;-;-;;2;
20;0;19;X;;X;X;X;;2;
21;0;19;;;X;X;;;2;
22;0;19;X;;X;X;X;;2;
29;0;28;;;X;;;;2;
32;0;19;;;X;X;;;2;
36;0;36;-;-;-;-;-;;2;
37;0;36;X;;X;X;X;;2;
38;0;36;X;X;X;X;X;;2;
39;0;36;X;;X;X;X;;2;
312;0;36;X;;X;X;X;;2;
317;0;36;X;;X;X;X;;2;
1;0;1;-;-;-;-;-;;5;
3;0;1;X;X;X;X;X;;5;
190;0;189;;;X;;;;5;
191;0;189;;;X;;;;5;
4;0;189;;;X;;;;5;
5;0;189;;;X;;;;5;
7;0;1;;;X;;;;5;
8;0;1;;;X;;;;5;
211;0;1;;;X;;;;5;
170;0;36;;;X;X;;;2;
325;0;36;X;;X;X;X;;2;
41;0;36;;;X;X;X;;2;
273;0;36;X;;X;X;X;;2;
179;0;36;X;;X;X;X;;2;
213;0;36;;;X;X;;;2;
44;0;44;-;-;-;-;-;;2;
148;0;44;;;X;;;;2;
152;0;44;;;X;;;;2;
48;0;48;-;-;-;-;-;;2;
49;0;48;;;X;;;;2;
51;0;48;;;X;;;;2;
52;0;51;;;X;;;;2;
55;0;55;-;-;-;-;-;;2;
173;0;53;;;X;X;;;2;
71;0;71;-;-;-;-;-;;2;
212;0;211;;;X;;;;5;
232;0;211;;;X;;;;5;
233;0;211;;;X;;;;5;
165;0;1;;;X;;;;5;
11;0;165;X;X;X;X;X;;5;
2;0;165;X;X;X;X;X;;5;
156;0;165;X;X;X;X;X;;5;
241;0;165;;;X;;;;5;
270;0;165;;;X;;;;5;
271;0;165;;;X;;;;5;
237;0;1;X;X;X;X;X;;5;
19;0;19;-;-;-;-;-;;5;
20;0;19;X;X;X;X;X;;5;
21;0;19;X;X;X;X;X;;5;
22;0;19;X;;;X;X;;5;
24;0;19;X;;X;X;X;;5;
26;0;19;X;X;X;X;X;;5;
27;0;19;X;X;X;X;X;;5;
28;0;19;X;X;X;X;X;;5;
29;0;28;X;X;X;X;X;;5;
30;0;28;X;X;X;X;X;;5;
31;0;28;X;X;X;X;X;;5;
36;0;36;-;-;-;-;-;;5;
38;0;36;X;;X;X;X;;5;
39;0;36;;;X;X;;;5;
312;0;36;X;;X;X;X;;5;
41;0;36;X;;X;X;X;;5;
213;0;36;;;X;;;;5;
44;0;44;-;-;-;-;-;;5;
45;0;44;X;X;X;X;X;;5;
46;0;44;X;X;X;X;X;;5;
47;0;44;X;X;X;X;X;;5;
148;0;44;X;X;X;X;X;;5;
152;0;44;X;X;X;X;X;;5;
223;0;44;X;X;X;X;X;;5;
154;0;44;X;X;X;X;X;;5;
48;0;48;-;-;-;-;-;;5;
49;0;48;X;X;X;X;X;;5;
51;0;48;X;X;X;X;X;;5;
52;0;51;X;X;X;X;X;;5;
53;0;51;X;X;X;X;X;;5;
219;0;51;X;X;X;X;X;;5;
238;0;51;X;X;X;X;X;;5;
292;0;51;X;X;X;X;X;;5;
293;0;51;X;X;X;X;X;;5;
228;0;48;X;X;X;X;X;;5;
54;0;48;X;X;X;X;X;;5;
55;0;55;-;-;-;-;-;;5;
71;0;71;-;-;-;-;-;;5;
73;0;73;-;-;-;-;-;;5;
74;0;73;;;X;X;;;5;
76;0;74;X;X;X;X;X;;5;
284;0;74;;;X;;;;5;
85;0;73;X;X;X;X;X;;5;
86;0;85;X;X;X;X;X;;5;
87;0;85;X;X;X;X;X;;5;
142;0;85;X;X;X;X;X;;5;
143;0;85;X;X;X;X;X;;5;
236;0;85;X;X;X;X;X;;5;
281;0;85;X;X;X;X;X;;5;
281;0;85;X;X;X;X;X;;5;
289;0;85;X;X;X;X;X;;5;
105;0;73;X;X;X;X;X;;5;
106;0;105;X;X;X;X;X;;5;
72;0;71;;;X;X;X;;2;
73;0;73;-;-;-;-;-;;2;
220;0;105;X;X;X;X;X;;5;
155;0;105;X;X;X;X;X;;5;
229;0;105;X;X;X;X;X;;5;
1;0;1;-;-;-;-;-;;6;
11;0;165;;;X;;;;6;
2;0;165;;;X;;;;6;
156;0;165;;;X;;;;6;
241;0;165;;;X;;;;6;
270;0;165;;;X;;;;6;
271;0;165;;;X;;;;6;
19;0;19;-;-;-;-;-;;6;
20;0;19;X;X;X;X;X;;6;
21;0;19;X;X;X;X;X;;6;
22;0;19;X;X;X;X;X;;6;
24;0;19;X;;X;;X;;6;
25;0;19;X;;X;;X;;6;
28;0;19;X;;X;X;X;;6;
29;0;28;;;X;;;;6;
36;0;36;-;-;-;-;-;;6;
37;0;36;X;X;X;X;X;;6;
38;0;36;X;X;X;X;X;;6;
39;0;36;X;X;X;X;X;;6;
41;0;36;X;X;X;X;X;;6;
273;0;36;X;X;X;X;X;;6;
179;0;36;X;X;X;X;X;;6;
44;0;44;-;-;-;-;-;;6;
45;0;44;X;X;X;X;X;;6;
46;0;44;X;X;X;X;X;;6;
47;0;44;X;X;X;X;X;;6;
148;0;44;X;X;X;X;X;;6;
152;0;44;X;X;X;X;X;;6;
223;0;44;X;X;X;X;X;;6;
154;0;44;X;X;X;X;X;;6;
48;0;48;-;-;-;-;-;;6;
49;0;48;X;X;X;X;X;;6;
51;0;48;X;X;X;X;X;;6;
52;0;51;X;X;X;X;X;;6;
53;0;51;X;X;X;X;X;;6;
74;0;73;;;X;;X;;2;
219;0;51;X;X;X;X;X;;6;
238;0;51;X;X;X;X;X;;6;
292;0;51;X;X;X;X;X;;6;
228;0;48;X;X;X;X;X;;6;
55;0;55;-;-;-;-;-;;6;
171;0;53;X;X;X;X;X;;6;
173;0;53;X;X;X;X;X;;6;
71;0;71;-;-;-;-;-;;6;
73;0;73;-;-;-;-;-;;6;
74;0;73;X;X;X;X;X;;6;
76;0;74;X;X;X;X;X;;6;
77;0;74;X;X;X;X;X;;6;
78;0;74;X;X;X;X;X;;6;
79;0;74;X;X;X;X;X;;6;
242;0;74;X;X;X;X;X;;6;
80;0;74;X;X;X;X;X;;6;
180;0;74;X;X;X;X;X;;6;
181;0;74;X;X;X;X;X;;6;
288;0;74;X;X;X;X;X;;6;
84;0;73;X;X;X;X;X;;6;
85;0;73;X;X;X;X;X;;6;
86;0;85;X;X;X;X;X;;6;
87;0;85;X;X;X;X;X;;6;
142;0;85;X;X;X;X;X;;6;
143;0;85;X;X;X;X;X;;6;
236;0;85;X;X;X;X;X;;6;
281;0;85;X;X;X;X;X;;6;
281;0;85;X;X;X;X;X;;6;
289;0;85;X;X;X;X;X;;6;
106;0;105;X;X;X;X;X;;6;
220;0;105;X;X;X;X;X;;6;
155;0;105;X;X;X;X;X;;6;
229;0;105;X;X;X;X;X;;6;
239;0;105;X;X;X;X;X;;6;
240;0;105;X;X;X;X;X;;6;
183;0;87;X;X;X;X;X;;6;
184;0;183;X;X;X;X;X;;6;
235;0;234;X;X;X;X;X;;6;
283;0;234;X;X;X;X;X;;6;
286;0;234;X;X;X;X;X;;6;
107;0;107;-;-;-;-;-;;6;
108;0;107;X;;X;X;X;;6;
112;0;112;-;-;-;-;-;;6;
176;0;55;X;X;X;X;X;;3;
202;0;55;X;X;X;X;X;;3;
139;0;55;X;X;X;X;X;;3;
210;0;55;X;X;X;X;X;;3;
221;0;55;X;X;X;X;X;;3;
226;0;55;X;;;;X;;3;
301;0;55;X;X;X;X;X;;3;
336;0;55;X;;;;X;;3;
71;0;71;-;-;-;-;-;;3;
72;0;71;X;X;X;X;X;;3;
73;0;73;-;-;-;-;-;;3;
74;0;73;X;X;X;X;X;;3;
76;0;74;X;X;X;X;X;;3;
77;0;74;X;X;X;X;X;;3;
78;0;74;X;X;X;X;X;;3;
79;0;74;X;X;X;X;X;;3;
242;0;74;X;X;X;X;X;;3;
80;0;74;X;X;X;X;X;;3;
180;0;74;X;X;X;X;X;;3;
181;0;74;X;X;X;X;X;;3;
153;0;74;X;X;X;X;X;;3;
82;0;74;X;X;X;X;X;;3;
83;0;74;X;X;X;X;X;;3;
147;0;74;X;X;X;X;X;;3;
284;0;74;X;X;X;X;X;;3;
288;0;74;X;X;X;X;X;;3;
299;0;74;X;X;X;X;X;;3;
303;0;74;X;X;X;X;X;;3;
316;0;74;X;X;X;X;X;;3;
329;0;74;X;X;X;X;X;;3;
84;0;73;X;X;X;X;X;;3;
85;0;73;X;X;X;X;X;;3;
86;0;85;X;X;X;X;X;;3;
87;0;85;X;X;X;X;X;;3;
142;0;85;X;X;X;X;X;;3;
143;0;85;X;X;X;X;X;;3;
228;0;48;X;X;X;X;X;;1;
54;0;48;X;X;X;X;X;;1;
320;0;48;X;X;X;X;X;;1;
321;0;48;X;X;X;X;X;;1;
55;0;55;-;-;-;-;-;;1;
56;0;55;X;X;X;X;X;;1;
57;0;56;X;X;X;X;X;;1;
294;0;56;X;X;X;X;X;;1;
58;0;55;X;X;X;X;X;;1;
59;0;58;X;X;X;X;X;;1;
295;0;58;X;X;X;X;X;;1;
60;0;55;X;X;X;X;X;;1;
236;0;85;X;X;X;X;X;;3;
281;0;85;X;X;X;X;X;;3;
281;0;85;X;X;X;X;X;;3;
289;0;85;X;X;X;X;X;;3;
319;0;85;X;X;X;X;X;;3;
88;0;73;X;X;X;X;X;;3;
89;0;88;X;X;X;X;X;;3;
90;0;88;X;X;X;X;X;;3;
91;0;88;X;X;X;X;X;;3;
145;0;88;X;X;X;X;X;;3;
157;0;88;X;X;X;X;X;;3;
77;0;74;;;X;X;X;;2;
79;0;74;;;X;X;X;;2;
135;0;135;-;-;-;-;-;;6;
138;0;138;-;-;-;-;-;;6;
242;0;74;;;X;X;X;;2;
80;0;74;;;X;X;;;2;
180;0;74;;;X;X;;;2;
153;0;74;;;X;X;;;2;
83;0;74;;;X;X;;;2;
147;0;74;;;X;X;;;2;
284;0;74;;;X;X;;;2;
299;0;74;;;X;X;;;2;
303;0;74;;;X;X;;;2;
90;0;88;;;X;X;;;2;
91;0;88;;;X;X;;;2;
145;0;88;;;X;X;;;2;
157;0;88;;;X;X;;;2;
158;0;88;X;X;X;X;X;;3;
159;0;88;X;X;X;X;X;;3;
160;0;88;X;X;X;X;X;;3;
61;0;60;X;X;X;X;X;;1;
62;0;60;X;X;X;X;X;;1;
63;0;60;X;X;X;X;X;;1;
64;0;55;X;X;X;X;X;;1;
222;0;88;X;X;X;X;X;;3;
224;0;88;X;X;X;X;X;;3;
292;0;51;X;X;X;X;X;;1;
293;0;51;X;X;X;X;X;;1;
65;0;64;X;X;X;X;X;;1;
66;0;64;X;X;X;X;X;;1;
67;0;64;X;X;X;X;X;;1;
69;0;55;X;X;X;X;X;;1;
70;0;55;X;X;X;X;X;;1;
171;0;53;X;X;X;X;X;;1;
172;0;53;X;X;X;X;X;;1;
173;0;53;X;X;X;X;X;;1;
300;0;53;X;X;X;X;X;;1;
175;0;55;X;X;X;X;X;;1;
176;0;55;X;X;X;X;X;;1;
146;0;55;X;X;X;X;X;;1;
202;0;55;X;X;X;X;X;;1;
139;0;55;X;X;X;X;X;;1;
210;0;55;X;X;X;X;X;;1;
221;0;55;X;X;X;X;X;;1;
226;0;55;X;X;X;X;X;;1;
301;0;55;X;X;X;X;X;;1;
336;0;55;X;X;X;X;X;;1;
71;0;71;-;-;-;-;-;;1;
150;0;149;;;X;X;;;2;
107;0;107;-;-;-;-;-;;2;
330;0;88;X;X;X;X;X;;3;
93;0;73;X;X;X;X;X;;3;
94;0;93;X;X;X;X;X;;3;
95;0;93;X;X;X;X;X;;3;
96;0;93;X;X;X;X;X;;3;
97;0;93;X;X;X;X;X;;3;
100;0;93;X;X;X;X;X;;3;
101;0;93;X;X;X;X;X;;3;
102;0;93;X;X;X;X;X;;3;
103;0;93;X;X;X;X;X;;3;
104;0;93;X;X;X;X;X;;3;
140;0;93;X;X;X;X;X;;3;
141;0;140;X;X;X;X;X;;3;
178;0;140;X;X;X;X;X;;3;
174;0;93;X;X;X;X;X;;3;
225;0;93;X;X;X;X;X;;3;
105;0;73;X;X;X;X;X;;3;
106;0;105;X;X;X;X;X;;3;
220;0;105;X;X;X;X;X;;3;
155;0;105;X;X;X;X;X;;3;
229;0;105;X;X;X;X;X;;3;
239;0;105;X;X;X;X;X;;3;
240;0;105;X;X;X;X;X;;3;
297;0;105;X;X;X;X;X;;3;
149;0;73;X;X;X;X;X;;3;
150;0;149;X;X;X;X;X;;3;
183;0;87;X;X;X;X;X;;3;
184;0;183;X;X;X;X;X;;3;
311;0;183;X;X;X;X;X;;3;
234;0;73;X;X;X;X;X;;3;
235;0;234;X;X;X;X;X;;3;
283;0;234;X;X;X;X;X;;3;
286;0;234;X;X;X;X;X;;3;
302;0;234;X;X;X;X;X;;3;
313;0;234;X;X;X;X;X;;3;
107;0;107;-;-;-;-;-;;3;
108;0;107;X;X;X;X;X;;3;
109;0;107;X;X;X;X;X;;3;
144;0;107;X;X;X;X;X;;3;
110;0;107;X;X;X;X;X;;3;
111;0;107;;;X;X;;;3;
112;0;112;-;-;-;-;-;;3;
113;0;112;X;X;X;X;X;;3;
114;0;113;X;X;X;X;X;;3;
214;0;113;X;X;X;X;X;;3;
215;0;214;X;X;X;X;X;;3;
216;0;214;X;X;X;X;X;;3;
115;0;112;X;X;X;X;X;;3;
116;0;115;X;X;X;X;X;;3;
117;0;115;X;X;X;X;X;;3;
120;0;112;X;X;X;X;X;;3;
121;0;120;X;X;X;X;X;;3;
72;0;71;X;X;X;X;X;;1;
73;0;73;-;-;-;-;-;;1;
74;0;73;X;X;X;X;X;;1;
76;0;74;X;X;X;X;X;;1;
77;0;74;X;X;X;X;X;;1;
78;0;74;X;X;X;X;X;;1;
79;0;74;X;X;X;X;X;;1;
242;0;74;X;X;X;X;X;;1;
80;0;74;X;X;X;X;X;;1;
180;0;74;X;X;X;X;X;;1;
181;0;74;X;X;X;X;X;;1;
153;0;74;X;X;X;X;X;;1;
82;0;74;X;X;X;X;X;;1;
83;0;74;X;X;X;X;X;;1;
147;0;74;X;X;X;X;X;;1;
284;0;74;X;X;X;X;X;;1;
288;0;74;X;X;X;X;X;;1;
299;0;74;X;X;X;X;X;;1;
303;0;74;X;X;X;X;X;;1;
316;0;74;X;X;X;X;X;;1;
329;0;74;X;X;X;X;X;;1;
84;0;73;X;X;X;X;X;;1;
85;0;73;X;X;X;X;X;;1;
86;0;85;X;X;X;X;X;;1;
87;0;85;X;X;X;X;X;;1;
142;0;85;X;X;X;X;X;;1;
143;0;85;X;X;X;X;X;;1;
236;0;85;X;X;X;X;X;;1;
281;0;85;X;X;X;X;X;;1;
281;0;85;X;X;X;X;X;;1;
289;0;85;X;X;X;X;X;;1;
319;0;85;X;X;X;X;X;;1;
88;0;73;X;X;X;X;X;;1;
89;0;88;X;X;X;X;X;;1;
90;0;88;X;X;X;X;X;;1;
91;0;88;X;X;X;X;X;;1;
145;0;88;X;X;X;X;X;;1;
157;0;88;X;X;X;X;X;;1;
158;0;88;X;X;X;X;X;;1;
159;0;88;X;X;X;X;X;;1;
160;0;88;X;X;X;X;X;;1;
231;0;88;X;X;X;X;X;;1;
182;0;88;X;X;X;X;X;;1;
222;0;88;X;X;X;X;X;;1;
224;0;88;X;X;X;X;X;;1;
290;0;88;X;X;X;X;X;;1;
291;0;88;X;X;X;X;X;;1;
309;0;88;X;X;X;X;X;;1;
326;0;88;X;X;X;X;X;;1;
330;0;88;X;X;X;X;X;;1;
93;0;73;X;X;X;X;X;;1;
94;0;93;X;X;X;X;X;;1;
95;0;93;X;X;X;X;X;;1;
96;0;93;X;X;X;X;X;;1;
315;0;93;X;X;X;X;X;;1;
97;0;93;X;X;X;X;X;;1;
100;0;93;X;X;X;X;X;;1;
101;0;93;X;X;X;X;X;;1;
102;0;93;X;X;X;X;X;;1;
103;0;93;X;X;X;X;X;;1;
104;0;93;X;X;X;X;X;;1;
140;0;93;X;X;X;X;X;;1;
141;0;140;X;X;X;X;X;;1;
178;0;140;X;X;X;X;X;;1;
174;0;93;X;X;X;X;X;;1;
225;0;93;X;X;X;X;X;;1;
105;0;73;X;X;X;X;X;;1;
106;0;105;X;X;X;X;X;;1;
220;0;105;X;X;X;X;X;;1;
155;0;105;X;X;X;X;X;;1;
229;0;105;X;X;X;X;X;;1;
239;0;105;X;X;X;X;X;;1;
240;0;105;X;X;X;X;X;;1;
297;0;105;X;X;X;X;X;;1;
149;0;73;X;X;X;X;X;;1;
150;0;149;X;X;X;X;X;;1;
183;0;87;X;X;X;X;X;;1;
184;0;183;X;X;X;X;X;;1;
311;0;183;X;X;X;X;X;;1;
332;0;183;X;X;X;X;X;;1;
234;0;73;X;X;X;X;X;;1;
235;0;234;X;X;X;X;X;;1;
283;0;234;X;X;X;X;X;;1;
286;0;234;X;X;X;X;X;;1;
302;0;234;X;X;X;X;X;;1;
313;0;234;X;X;X;X;X;;1;
107;0;107;-;-;-;-;-;;1;
108;0;107;X;X;X;X;X;;1;
109;0;107;X;X;X;X;X;;1;
144;0;107;X;X;X;X;X;;1;
110;0;107;X;X;X;X;X;;1;
1;0;1;-;-;-;-;-;;4;
3;0;1;;;X;;;;4;
189;0;1;;;X;;;;4;
190;0;189;;;X;;;;4;
191;0;189;;;X;;;;4;
4;0;189;;;X;;;;4;
5;0;189;;;X;;;;4;
165;0;1;;;X;;;;4;
270;0;165;;;X;;;;4;
271;0;165;;;X;;;;4;
272;0;165;;;X;;;;4;
19;0;19;-;-;-;-;-;;4;
20;0;19;;;X;;X;;4;
21;0;19;;;X;;;;4;
24;0;19;;;X;;;;4;
25;0;19;;;X;;;;4;
28;0;19;;;X;;;;4;
29;0;28;;;X;;;;4;
32;0;19;;;X;;;;4;
36;0;36;-;-;-;-;-;;4;
38;0;36;X;;X;X;X;;4;
39;0;36;X;;X;X;X;;4;
170;0;36;;;X;X;X;;4;
273;0;36;X;;X;X;X;;4;
179;0;36;X;;X;X;X;;4;
213;0;36;;;X;X;;;4;
44;0;44;-;-;-;-;-;;4;
148;0;44;;;X;;;;4;
48;0;48;-;-;-;-;-;;4;
51;0;48;;;X;;;;4;
52;0;51;;;X;;;;4;
55;0;55;-;-;-;-;-;;4;
71;0;71;-;-;-;-;-;;4;
73;0;73;-;-;-;-;-;;4;
74;0;73;;;X;;X;;4;
78;0;74;;;X;;;;4;
83;0;74;;;X;;;;4;
284;0;74;;;X;X;;;4;
85;0;73;;;X;X;;;4;
86;0;85;;;X;X;;;4;
145;0;88;;;X;;;;4;
107;0;107;-;-;-;-;-;;4;
112;0;112;-;-;-;-;-;;4;
135;0;135;-;-;-;-;-;;4;
138;0;138;-;-;-;-;-;;4;
111;0;107;X;X;X;X;X;;1;
112;0;112;-;-;-;-;-;;1;
113;0;112;X;X;X;X;X;;1;
114;0;113;X;X;X;X;X;;1;
214;0;113;X;X;X;X;X;;1;
215;0;214;X;X;X;X;X;;1;
216;0;214;X;X;X;X;X;;1;
115;0;112;X;X;X;X;X;;1;
116;0;115;X;X;X;X;X;;1;
117;0;115;X;X;X;X;X;;1;
120;0;112;X;X;X;X;X;;1;
108;0;107;;;X;;X;;2;
121;0;120;X;X;X;X;X;;1;
122;0;120;X;X;X;X;X;;1;
123;0;120;X;X;X;X;X;;1;
217;0;120;X;X;X;X;X;;1;
285;0;120;X;X;X;X;X;;1;
310;0;120;X;X;X;X;X;;1;
314;0;120;X;X;X;X;X;;1;
112;0;112;-;-;-;-;-;;2;
135;0;135;-;-;-;-;-;;2;
138;0;138;-;-;-;-;-;;2;
239;0;105;X;X;X;X;X;;5;
240;0;105;X;X;X;X;X;;5;
297;0;105;X;X;X;X;X;;5;
183;0;87;X;X;X;X;X;;5;
184;0;183;X;X;X;X;X;;5;
234;0;73;X;X;X;X;X;;5;
235;0;234;X;X;X;X;X;;5;
283;0;234;X;X;X;X;X;;5;
286;0;234;X;X;X;X;X;;5;
302;0;234;X;X;X;X;X;;5;
313;0;234;X;X;X;X;X;;5;
107;0;107;-;-;-;-;-;;5;
108;0;107;;;X;;X;;5;
112;0;112;-;-;-;-;-;;5;
115;0;112;X;X;X;X;X;;5;
116;0;115;X;X;X;X;X;;5;
117;0;115;X;X;X;X;X;;5;
120;0;112;X;X;X;X;X;;5;
121;0;120;X;X;X;X;X;;5;
122;0;120;X;X;X;X;X;;5;
123;0;120;X;X;X;X;X;;5;
217;0;120;X;X;X;X;X;;5;
126;0;124;X;X;X;X;X;;5;
127;0;124;X;X;X;X;X;;5;
146;0;55;X;X;X;X;X;;3;
124;0;112;X;X;X;X;X;;1;
126;0;124;X;X;X;X;X;;1;
127;0;124;X;X;X;X;X;;1;
128;0;124;X;X;X;X;X;;1;
130;0;124;X;X;X;X;X;;1;
328;0;124;X;X;X;X;X;;1;
131;0;124;X;X;X;X;X;;1;
132;0;124;X;X;X;X;X;;1;
218;0;124;X;X;X;X;X;;1;
133;0;112;X;X;X;X;X;;1;
185;0;112;X;X;X;X;X;;1;
134;0;112;X;X;X;X;X;;1;
122;0;120;X;X;X;X;X;;3;
123;0;120;X;X;X;X;X;;3;
217;0;120;X;X;X;X;X;;3;
285;0;120;X;X;X;X;X;;3;
310;0;120;X;X;X;X;X;;3;
314;0;120;X;X;X;X;X;;3;
124;0;112;X;X;X;X;X;;3;
126;0;124;X;X;X;X;X;;3;
127;0;124;X;X;X;X;X;;3;
128;0;124;X;X;X;X;X;;3;
130;0;124;X;X;X;X;X;;3;
328;0;124;X;X;X;X;X;;3;
131;0;124;X;X;X;X;X;;3;
132;0;124;X;X;X;X;X;;3;
218;0;124;X;X;X;X;X;;3;
133;0;112;X;X;X;X;X;;3;
185;0;112;X;X;X;X;X;;3;
134;0;112;X;X;X;X;X;;3;
227;0;112;X;X;X;X;X;;3;
135;0;135;-;-;-;-;-;;3;
136;0;135;X;X;X;X;X;;3;
227;0;112;X;X;X;X;X;;1;
135;0;135;-;-;-;-;-;;1;
136;0;135;X;X;X;X;X;;1;
305;0;135;X;X;X;X;X;;1;
138;0;138;-;-;-;-;-;;1;
305;0;135;X;X;X;X;X;;3;
138;0;138;-;-;-;-;-;;3;
128;0;124;X;X;X;X;X;;5;
130;0;124;X;X;X;X;X;;5;
135;0;135;-;-;-;-;-;;5;
138;0;138;-;-;-;-;-;;5;
1;0;1;-;-;-;-;-;;7;
211;0;1;;;X;X;;;7;
2;0;165;;;X;X;;;7;
270;0;165;;;X;;;;7;
271;0;165;;;X;;;;7;
272;0;165;;;X;;;;7;
19;0;19;-;-;-;-;-;;7;
20;0;19;X;;X;X;X;;7;
21;0;19;;;X;X;;;7;
22;0;19;X;;X;X;X;;7;
29;0;28;;;X;;;;7;
32;0;19;;;X;X;;;7;
36;0;36;-;-;-;-;-;;7;
37;0;36;X;;X;X;X;;7;
38;0;36;X;X;X;X;X;;7;
39;0;36;X;;X;X;X;;7;
312;0;36;X;;X;X;X;;7;
170;0;36;;;X;X;;;7;
41;0;36;;;X;X;X;;7;
273;0;36;X;;X;X;X;;7;
179;0;36;X;;X;X;X;;7;
213;0;36;;;X;X;;;7;
44;0;44;-;-;-;-;-;;7;
148;0;44;;;X;;;;7;
152;0;44;;;X;;;;7;
48;0;48;-;-;-;-;-;;7;
49;0;48;;;X;;;;7;
51;0;48;;;X;;;;7;
52;0;51;;;X;;;;7;
55;0;55;-;-;-;-;-;;7;
173;0;53;;;X;X;;;7;
71;0;71;-;-;-;-;-;;7;
72;0;71;;;X;X;X;;7;
73;0;73;-;-;-;-;-;;7;
74;0;73;;;X;;X;;7;
77;0;74;;;X;X;X;;7;
79;0;74;;;X;X;X;;7;
242;0;74;;;X;X;X;;7;
80;0;74;;;X;X;;;7;
180;0;74;;;X;X;;;7;
153;0;74;;;X;X;;;7;
83;0;74;;;X;X;;;7;
147;0;74;;;X;X;;;7;
284;0;74;;;X;X;;;7;
299;0;74;;;X;X;;;7;
303;0;74;;;X;X;;;7;
90;0;88;;;X;X;;;7;
91;0;88;;;X;X;;;7;
145;0;88;;;X;X;;;7;
157;0;88;;;X;X;;;7;
150;0;149;;;X;X;;;7;
107;0;107;-;-;-;-;-;;7;
108;0;107;;;X;;X;;7;
112;0;112;-;-;-;-;-;;7;
135;0;135;-;-;-;-;-;;7;
138;0;138;-;-;-;-;-;;7;
