SeqTab_Tabela;SeqTab_Campo;SeqTab_Numero;Emp_codigo
AltValorTabela;AltValTab_codigo;1;1
Ambiente;CodAmbiente;1002;1
Assistencia_Tecnica;ASTEC_Codigo;2;1
Assistencia_TecnicaMovimentacao;ASTECMov_Codigo;1;1
Assistencia_TecnicaNota;ASTECNota_Codigo;1;1
Assistencia_TecnicaProdutos;ASTECProd_Codigo;2;1
BalancoEstoque;BalEst_Codigo;410;1
BalancoEstoqueProdutos;BalEstProd_Codigo;8546;1
Bancos_Caixas;Bcx_codigo;18;1
Caracteristicas;Caract_Codigo;1;1
Cargo;Cargo_codigo;5;1
Cartoes;Cart_Codigo;1;1
CartoesBandeiras;CartBan_Codigo;1;1
CategoriaCliente;CatCli_Codigo;1;1
CategoriaProfissionaisExterno;CatProfExt_Codigo;1;1
CategoriaVenda;CatVen_Codigo;8;1
Centro_de_Custo;Cdc_codigo;5;1
Clientes;Cli_Codigo;9368;1
Cob_projetos;CPR_codigo;1;1
Coletas;col_codigo;20;1
ComissaoPremiacao;ComPre_codigo;3;1
ComissaoPremiacaoCond;ComPreCond_codigo;5;1
ComissaoPremiacaoVlVenda;ComPreVlV_Codigo;4;1
contabilista;Cntbt_codigo;2;1
contas_apagar;Ctp_codigo;35075;1
contas_apagar_det;ctp_codigo_det;52365;1
Contas_apagar_pag;Cpp_cod_pag;42668;1
Contas_Bancarias;Cba_codigo;22;1
Contas_BancariasCobranca;CbaCob_codigo;10;1
contas_receber;Ctr_codigo;10465;1
contas_Receber_det;ctr_codigo_det;21924;1
Contas_receber_pag;Crp_cod_pag;18164;1
ContatosPrincipais;ContPrinc_codigo;1;1
Controle_entrega;cen_codigo_pre;9732;1
Controle_entrega_Assinaturas;CenAs_codigo;4;1
controle_entrega_data;Ced_CodEntrega;145671;1
controle_entrega_prod;cep_codigo;80950;1
ControleNSU;ContrNSU_Codigo;1;1
ControleRH;CtrlRH_Codigo;539;1
Credito;Credito_Codigo;7482;1
CreditoIndicacao;CredInd_Codigo;2;1
Custo;Cus_codigo;433;1
Custo_log;Csl_codigo;720;1
DadosBancarios;DadBan_codigo;1;1
Designer;Desig_Codigo;1;1
Devolucao;Dev_Codigo;3815;1
Devolucao;Dev_CodigoPre;5327;1
DFe;LOTE;1;1
DFeResumoNFe;DFeResNFe_Codigo;1;1
EFD_REGISTRO_150;EFDR150_Codigo;1;1
Empresa;CodLanc;5;1
EMPRESA;Emp_CodClienteFornec;2;1
EmpresaFactoring;EmpFact_Codigo;1;1
EmpresaFactoringAliqDesc;EmpFactAD_Codigo;1;1
Enderecos_comuns;EndComuns_codigo;1;1
Ent_devolucao;edv_codigo;1;1
Ent_devolucao;edv_codigo_pre;1;1
Entrega;Ent_Codigo;1;1
Entrega;Ent_CodigoIndividual;1;1
EntregaDetalhe;EntDet_codigo;1;1
estoque_log;Elg_codigo;94307;1
EstoqueExterno;EstExt_codigo;1;1
EstoqueTipo;EstTp_Codigo;5;1
Fabrica;Fab_Codigo;1;1
Factura;Fact_Codigo_DEV;1;1
Factura;Fact_Codigo_FCT;1;1
Factura;Fact_Codigo_FPF;1;1
Factura;Fact_Codigo_GRE;1;1
Factura;Fact_Codigo_GTR;1;1
Factura;Fact_Codigo_NCR;1;1
Factura;Fact_Codigo_NDE;1;1
Factura;Fact_Codigo_VDI;1;1
FacturaImport;FactImp_codigo;1;1
FechamentoComissao;FechComis_Codigo;8;1
FechamentoMeta;FechMeta_Codigo;3;1
Feriados;Feriado_codigo;1;1
Filiais;Fil_codigo;3;1
ForaDoBalanco;ForBal_codigo;5;1
ForaDoBalancoProduto;ForBalProd_Codigo;5;1
Forma_Pagamento;Fpg_codigo;17;1
Fornecedor;For_codigo;889;1
FornecedorEmpresaCompradora;ForEmpCom_Codigo;229;1
Funcionario;Fun_codigo;137;1
GED;GED_Codigo;21;1
GNR;GNR_codigo;1;1
GrupoProduto;GrupoProduto_Codigo;11;1
HistoricoVersoes;HistVer_Codigo;388;1
HistoricoVersoesLancamento;HistVerLanc_Codigo;402;1
HistoricoVersoesUsuario;HistVerUsu_Codigo;9430;1
Horarios;Hora_codigo;1;1
HorariosDatas;HoraData_codigo;1;1
HorariosDatasDetalhe;HoraDataDet_Codigo;1;1
Indicacoes;Ind_codigo;1355;1
Indicacoes_Detalhe;IndDet_codigo;1712;1
Indicacoes_Funcionario;IndFun_codigo;1;1
Indice_preco;Ipr_CodigoSigla;433;1
Indice_preco_log;Irl_codigo;1977;1
Indice_precoGrupoUsuario;IprGrup_codigo;2072;1
Login;Ctrlogin_codigo;1;1
MDFe;MDFe_codigo;1;1
MDFe;MDFe_lote;1;1
MDFe;MDFe_NUMERO;1;1
MDFeCIOT;MDFeCIOT_codigo;1;1
MDFeCondutor;MDFeCondutor_codigo;1;1
MDFeContratante;MDFeCont_codigo;1;1
MDFeCTE;MDFeCTE_codigo;1;1
MDFeLacre;MDFeLacre_codigo;1;1
MDFeMunCarregamento;MDFeMunCar_codigo;1;1
MDFeMunicipioDescarregamento;MDFeMunDesc_codigo;1;1
MDFeNFE;MDFeNFE_codigo;1;1
MDFeReboque;MDFeReb_codigo;1;1
MDFeSeguro;MDFeSeguro_Codigo;1;1
MDFeSeguroAverbacao;MDFeSeguroAver_Codigo;1;1
MDFeUFPercurso;MDFeUFPercurso_codigo;1;1
MDFeUnidadeCarga;MDFeUnidCarga_Codigo;1;1
MDFeUnidadeCargaLacre;MDFeUnidCargaLacre_Codigo;1;1
MDFeUnidadeTransporte;MDFeUnidTransp_Codigo;1;1
MDFeValePedagio;MDFeValePed_codigo;1;1
MetaVenda;MetaVenda_Codigo;2;1
Modo;Mdo_codigo;88;1
Moeda;Moeda_Codigo;3;1
Motivo_devolucao;Mod_codigo;14;1
Motivo_devolucao_tipo;MotDevTp_codigo;1;1
Municipio;mun_codigo;572;1
Nacionalidade;Nac_codigo;2;1
NFCONFIG;NF_CODIGO;2;1
NFEInutilizarNum;NFEInuNum_Codigo;1;1
NFeObservacao;NFeObs_Codigo;1;1
NFSe;NFSe_Codigo;1;1
NFSe;NFSe_Numero;1;1
NFSeItens;NFSeItem_codigo;1;1
Nota_entrada;Nen_codigo;6347;1
nota_entrada_det;Ned_codigo;42754;1
Nota_Entrada_Dif;NenDf_codigo;757;1
NotaFiscal;NTF_Codigo;3009;1
NotaFiscal;NumeroAtual;2847;1
NotaFiscal;NumeroAtual;661;2
NotaFiscal;NumeroAtual;2;3
NotaFiscalCCe;NTFCCe_codigo;122;1
NotaFiscalComplementar;NTFCompl_codigo;254;1
NotaFiscalNFCE;NumeroAtual;1;1
NotaFiscalNFCE;NumeroAtual100;50000;1
NotaFiscalProdutos;NTFPro_Codigo;27349;1
NotaFiscalTroca;NTFT_Codigo;1;1
NTFCCe_codigo;NotaFiscalCCe;1;1
Obras;Obr_Codigo;9805;1
observacoes;obs_seq;5148;1
ordem_compra;Ocp_codigo;5682;1
ordem_compra_det;Ocd_Sequencia;30983;1
ordem_compra_Pag;Ocpp_Sequencia;1;1
OrdemServico;OrdServ_Codigo;1;1
OrdemServico;OrdServ_CodigoPre;1;1
OrdemServicoProduto;OrdServProd_codigo;1;1
OrdemServicoSituacao;OrdServSit_codigo;6;1
OrgaoRegistro;OrgReg_Codigo;4;1
Paises;Paises_Codigo;3;1
Pasta;Pasta_codigo;873;1
PDVCaixa;PdvCaixa_codigo;1;1
PDVSangria;PDVSangria_codigo;1;1
PDVSuprimento;PDVSupri_codigo;1;1
pedido_compra;Pcp_codigo;8309;1
Plano_Contas;Pco_codigo;196;1
Preco_Produto;Pre_codigo;115606;1
Produtos;CodigoBarra;1;1
produtos;pro_codnosso;1;1
produtos;Pro_CodReduzido;110266;1
ProdutosCaracteristicas;ProdCaract_codigo;1;1
ProdutosFornecedores;ProdFor_Codigo;57054;1
ProdutosLocEstoque;ProdLocEst_Codigo;1;1
ProdutosPromPrioritario;ProdProPrio_codigo;1;1
ProdutosPromPrioritarioDet;ProdProPrioDet_codigo;1;1
ProdutosRelacionados;ProdRel_Codigo;223;1
ProdutosRelacionadosCadProdutos;ProdRelCadProd_codigo;223;1
ProdutosRelacionadosCadProdutosAcab;ProdRelCadProdAcab_codigo;1;1
ProdutosRelacionadosDet;ProdRelDet_Codigo;243;1
ProdutosServiços;ProdServ_codigo;1;1
Profissão;COD_ATIVID;152;1
Promocao;Prom_Codigo;1;1
PromocaoEstoque;PromEst_Codigo;4;1
PromocaoProdutos;PromProd_codigo;4;1
QuadroCargas;QCargas_Codigo;1;1
Rateio;Rateio_Codigo;1;1
Regiao;Regiao_Codigo;11;1
RequisicaoEstoq;ReqEst_Codigo;3;1
Reserva_tecnica;Ret_codigo;1820;1
Saida_complementacao;Scp_codigo;1;1
Saida_complementacao;Scp_codigo_pre;1;1
Servicos;sev_cod;27;1
Setor;Setor_codigo;8;1
SisOpcoesEspecial;SisOpEsp_Codigo;3;1
SisPermissaoEspecial;SisPerEsp_Codigo;272;1
SisSeqTabela;ArqECF;1;1
SisSeqTabela;duplicata;2;1
SisSeqTabela;ECFDAV;1;1
SisSeqTabela;eventocce;1;1
SisSeqTabela;LoteCCe;1;1
SisSeqTabela;LotePagCtPag;1;1
SisSeqTabela;LotePagCtRec;2;1
SisSeqTabela;NumeroArquivoRemessa;4538;1
SisSeqTabela;recibo;41;1
SisSeqTabela;recibogsv;1;1
SisSeqTabela;recibonfe;8407;1
SisSeqTabela;recibort;1;1
SisUsuariosGrid;UsuGrid_Codigo;55;1
SisUsuariosGrupo;SisUsGrupo_codigo;1;1
SisUsuariosGrupo;UsuGrid_Codigo;1;1
TabelaImposto;TbImp_codigo;24;1
tamanho;Tam_codigo;1;1
Tipo_Relatorio;TpRel_codigo;1;1
TipoContaFinanceira;Tcf_codigo;4;1
TipoLinha;TpLinha_Codigo;1;1
TipoMotivo;TpMot_codigo;1;1
TiposContatos;TpCont_codigo;1;1
TransferenciaEstoque;TransfEst_codigo;90;1
TransfIndicacao;TransfInd_codigo;1;1
TransfIndicacaoDet;TransfIndDet_codigo;1;1
Transportadora;Tra_codigo;39;1
Venda;Ven_codigo;6202;1
Venda;Ven_CodigoPre;12016;1
VendaDataEntrega;VenDtEnt_codigo;1;1
VendaDataRetorno;VenDtRet_codigo;1;1
VendaEstoque;VenEst_Codigo;1;1
VendaEstoqueVendido;VenEstVend_Codigo;20341;1
VendaProduto;VenPro_codigo;721031;1
VendaServico;VenSer_Codigo;5117;1
Whatsapp_Enviado;WsEnv_codigo;3;1
